"MSOA","Tenure","People","Bedrooms","Count"
"E02000864",2,1,1,29
"E02000864",2,1,2,36
"E02000864",2,1,3,33
"E02000864",2,1,4,3
"E02000864",2,2,1,12
"E02000864",2,2,2,45
"E02000864",2,2,3,30
"E02000864",2,2,4,5
"E02000864",2,3,1,0
"E02000864",2,3,2,10
"E02000864",2,3,3,18
"E02000864",2,3,4,2
"E02000864",2,4,1,0
"E02000864",2,4,2,7
"E02000864",2,4,3,8
"E02000864",2,4,4,4
"E02000864",3,1,1,63
"E02000864",3,1,2,86
"E02000864",3,1,3,19
"E02000864",3,1,4,2
"E02000864",3,2,1,27
"E02000864",3,2,2,89
"E02000864",3,2,3,42
"E02000864",3,2,4,4
"E02000864",3,3,1,6
"E02000864",3,3,2,31
"E02000864",3,3,3,29
"E02000864",3,3,4,6
"E02000864",3,4,1,3
"E02000864",3,4,2,20
"E02000864",3,4,3,33
"E02000864",3,4,4,13
"E02000864",5,1,1,476
"E02000864",5,1,2,236
"E02000864",5,1,3,73
"E02000864",5,1,4,11
"E02000864",5,2,1,118
"E02000864",5,2,2,257
"E02000864",5,2,3,98
"E02000864",5,2,4,6
"E02000864",5,3,1,21
"E02000864",5,3,2,129
"E02000864",5,3,3,86
"E02000864",5,3,4,17
"E02000864",5,4,1,13
"E02000864",5,4,2,151
"E02000864",5,4,3,210
"E02000864",5,4,4,83
"E02000864",6,1,1,87
"E02000864",6,1,2,44
"E02000864",6,1,3,10
"E02000864",6,1,4,2
"E02000864",6,2,1,97
"E02000864",6,2,2,212
"E02000864",6,2,3,24
"E02000864",6,2,4,4
"E02000864",6,3,1,14
"E02000864",6,3,2,47
"E02000864",6,3,3,60
"E02000864",6,3,4,9
"E02000864",6,4,1,2
"E02000864",6,4,2,34
"E02000864",6,4,3,54
"E02000864",6,4,4,68
"E02000865",2,1,1,27
"E02000865",2,1,2,25
"E02000865",2,1,3,31
"E02000865",2,1,4,6
"E02000865",2,2,1,7
"E02000865",2,2,2,21
"E02000865",2,2,3,13
"E02000865",2,2,4,2
"E02000865",2,3,1,1
"E02000865",2,3,2,4
"E02000865",2,3,3,7
"E02000865",2,3,4,3
"E02000865",2,4,1,0
"E02000865",2,4,2,4
"E02000865",2,4,3,7
"E02000865",2,4,4,10
"E02000865",3,1,1,60
"E02000865",3,1,2,48
"E02000865",3,1,3,24
"E02000865",3,1,4,7
"E02000865",3,2,1,21
"E02000865",3,2,2,55
"E02000865",3,2,3,23
"E02000865",3,2,4,6
"E02000865",3,3,1,2
"E02000865",3,3,2,18
"E02000865",3,3,3,34
"E02000865",3,3,4,8
"E02000865",3,4,1,0
"E02000865",3,4,2,20
"E02000865",3,4,3,20
"E02000865",3,4,4,25
"E02000865",5,1,1,372
"E02000865",5,1,2,174
"E02000865",5,1,3,41
"E02000865",5,1,4,20
"E02000865",5,2,1,86
"E02000865",5,2,2,158
"E02000865",5,2,3,54
"E02000865",5,2,4,12
"E02000865",5,3,1,10
"E02000865",5,3,2,96
"E02000865",5,3,3,56
"E02000865",5,3,4,13
"E02000865",5,4,1,10
"E02000865",5,4,2,183
"E02000865",5,4,3,134
"E02000865",5,4,4,113
"E02000865",6,1,1,94
"E02000865",6,1,2,29
"E02000865",6,1,3,18
"E02000865",6,1,4,8
"E02000865",6,2,1,111
"E02000865",6,2,2,137
"E02000865",6,2,3,34
"E02000865",6,2,4,11
"E02000865",6,3,1,6
"E02000865",6,3,2,43
"E02000865",6,3,3,66
"E02000865",6,3,4,8
"E02000865",6,4,1,6
"E02000865",6,4,2,22
"E02000865",6,4,3,39
"E02000865",6,4,4,60
"E02000866",2,1,1,36
"E02000866",2,1,2,72
"E02000866",2,1,3,97
"E02000866",2,1,4,15
"E02000866",2,2,1,12
"E02000866",2,2,2,47
"E02000866",2,2,3,104
"E02000866",2,2,4,24
"E02000866",2,3,1,1
"E02000866",2,3,2,14
"E02000866",2,3,3,39
"E02000866",2,3,4,12
"E02000866",2,4,1,1
"E02000866",2,4,2,4
"E02000866",2,4,3,33
"E02000866",2,4,4,29
"E02000866",3,1,1,65
"E02000866",3,1,2,61
"E02000866",3,1,3,47
"E02000866",3,1,4,9
"E02000866",3,2,1,51
"E02000866",3,2,2,123
"E02000866",3,2,3,109
"E02000866",3,2,4,26
"E02000866",3,3,1,2
"E02000866",3,3,2,29
"E02000866",3,3,3,93
"E02000866",3,3,4,16
"E02000866",3,4,1,1
"E02000866",3,4,2,19
"E02000866",3,4,3,115
"E02000866",3,4,4,54
"E02000866",5,1,1,366
"E02000866",5,1,2,111
"E02000866",5,1,3,82
"E02000866",5,1,4,6
"E02000866",5,2,1,89
"E02000866",5,2,2,119
"E02000866",5,2,3,83
"E02000866",5,2,4,10
"E02000866",5,3,1,19
"E02000866",5,3,2,74
"E02000866",5,3,3,71
"E02000866",5,3,4,10
"E02000866",5,4,1,11
"E02000866",5,4,2,104
"E02000866",5,4,3,169
"E02000866",5,4,4,56
"E02000866",6,1,1,131
"E02000866",6,1,2,54
"E02000866",6,1,3,33
"E02000866",6,1,4,7
"E02000866",6,2,1,154
"E02000866",6,2,2,171
"E02000866",6,2,3,38
"E02000866",6,2,4,8
"E02000866",6,3,1,25
"E02000866",6,3,2,44
"E02000866",6,3,3,81
"E02000866",6,3,4,20
"E02000866",6,4,1,6
"E02000866",6,4,2,30
"E02000866",6,4,3,92
"E02000866",6,4,4,195
"E02000867",2,1,1,37
"E02000867",2,1,2,69
"E02000867",2,1,3,24
"E02000867",2,1,4,4
"E02000867",2,2,1,14
"E02000867",2,2,2,77
"E02000867",2,2,3,24
"E02000867",2,2,4,8
"E02000867",2,3,1,0
"E02000867",2,3,2,10
"E02000867",2,3,3,11
"E02000867",2,3,4,6
"E02000867",2,4,1,0
"E02000867",2,4,2,2
"E02000867",2,4,3,7
"E02000867",2,4,4,9
"E02000867",3,1,1,213
"E02000867",3,1,2,181
"E02000867",3,1,3,26
"E02000867",3,1,4,5
"E02000867",3,2,1,88
"E02000867",3,2,2,230
"E02000867",3,2,3,33
"E02000867",3,2,4,12
"E02000867",3,3,1,6
"E02000867",3,3,2,62
"E02000867",3,3,3,24
"E02000867",3,3,4,11
"E02000867",3,4,1,1
"E02000867",3,4,2,32
"E02000867",3,4,3,41
"E02000867",3,4,4,26
"E02000867",5,1,1,315
"E02000867",5,1,2,157
"E02000867",5,1,3,34
"E02000867",5,1,4,4
"E02000867",5,2,1,75
"E02000867",5,2,2,219
"E02000867",5,2,3,50
"E02000867",5,2,4,7
"E02000867",5,3,1,12
"E02000867",5,3,2,109
"E02000867",5,3,3,67
"E02000867",5,3,4,12
"E02000867",5,4,1,15
"E02000867",5,4,2,123
"E02000867",5,4,3,128
"E02000867",5,4,4,83
"E02000867",6,1,1,251
"E02000867",6,1,2,107
"E02000867",6,1,3,8
"E02000867",6,1,4,8
"E02000867",6,2,1,329
"E02000867",6,2,2,440
"E02000867",6,2,3,20
"E02000867",6,2,4,16
"E02000867",6,3,1,8
"E02000867",6,3,2,122
"E02000867",6,3,3,61
"E02000867",6,3,4,15
"E02000867",6,4,1,4
"E02000867",6,4,2,53
"E02000867",6,4,3,60
"E02000867",6,4,4,102
"E02000868",2,1,1,50
"E02000868",2,1,2,54
"E02000868",2,1,3,18
"E02000868",2,1,4,2
"E02000868",2,2,1,18
"E02000868",2,2,2,39
"E02000868",2,2,3,20
"E02000868",2,2,4,4
"E02000868",2,3,1,0
"E02000868",2,3,2,9
"E02000868",2,3,3,12
"E02000868",2,3,4,2
"E02000868",2,4,1,0
"E02000868",2,4,2,5
"E02000868",2,4,3,7
"E02000868",2,4,4,5
"E02000868",3,1,1,81
"E02000868",3,1,2,65
"E02000868",3,1,3,18
"E02000868",3,1,4,1
"E02000868",3,2,1,47
"E02000868",3,2,2,104
"E02000868",3,2,3,30
"E02000868",3,2,4,2
"E02000868",3,3,1,4
"E02000868",3,3,2,28
"E02000868",3,3,3,13
"E02000868",3,3,4,2
"E02000868",3,4,1,1
"E02000868",3,4,2,27
"E02000868",3,4,3,32
"E02000868",3,4,4,11
"E02000868",5,1,1,220
"E02000868",5,1,2,96
"E02000868",5,1,3,45
"E02000868",5,1,4,3
"E02000868",5,2,1,44
"E02000868",5,2,2,87
"E02000868",5,2,3,35
"E02000868",5,2,4,2
"E02000868",5,3,1,9
"E02000868",5,3,2,54
"E02000868",5,3,3,33
"E02000868",5,3,4,7
"E02000868",5,4,1,6
"E02000868",5,4,2,105
"E02000868",5,4,3,118
"E02000868",5,4,4,77
"E02000868",6,1,1,129
"E02000868",6,1,2,44
"E02000868",6,1,3,13
"E02000868",6,1,4,11
"E02000868",6,2,1,186
"E02000868",6,2,2,197
"E02000868",6,2,3,35
"E02000868",6,2,4,8
"E02000868",6,3,1,8
"E02000868",6,3,2,72
"E02000868",6,3,3,80
"E02000868",6,3,4,19
"E02000868",6,4,1,5
"E02000868",6,4,2,30
"E02000868",6,4,3,39
"E02000868",6,4,4,90
"E02000869",2,1,1,34
"E02000869",2,1,2,48
"E02000869",2,1,3,25
"E02000869",2,1,4,4
"E02000869",2,2,1,17
"E02000869",2,2,2,51
"E02000869",2,2,3,26
"E02000869",2,2,4,5
"E02000869",2,3,1,4
"E02000869",2,3,2,13
"E02000869",2,3,3,6
"E02000869",2,3,4,2
"E02000869",2,4,1,0
"E02000869",2,4,2,10
"E02000869",2,4,3,12
"E02000869",2,4,4,5
"E02000869",3,1,1,45
"E02000869",3,1,2,78
"E02000869",3,1,3,14
"E02000869",3,1,4,6
"E02000869",3,2,1,35
"E02000869",3,2,2,103
"E02000869",3,2,3,32
"E02000869",3,2,4,4
"E02000869",3,3,1,1
"E02000869",3,3,2,27
"E02000869",3,3,3,18
"E02000869",3,3,4,3
"E02000869",3,4,1,0
"E02000869",3,4,2,26
"E02000869",3,4,3,36
"E02000869",3,4,4,15
"E02000869",5,1,1,412
"E02000869",5,1,2,110
"E02000869",5,1,3,31
"E02000869",5,1,4,6
"E02000869",5,2,1,80
"E02000869",5,2,2,115
"E02000869",5,2,3,36
"E02000869",5,2,4,9
"E02000869",5,3,1,23
"E02000869",5,3,2,71
"E02000869",5,3,3,33
"E02000869",5,3,4,10
"E02000869",5,4,1,7
"E02000869",5,4,2,98
"E02000869",5,4,3,91
"E02000869",5,4,4,33
"E02000869",6,1,1,71
"E02000869",6,1,2,44
"E02000869",6,1,3,13
"E02000869",6,1,4,3
"E02000869",6,2,1,80
"E02000869",6,2,2,117
"E02000869",6,2,3,22
"E02000869",6,2,4,13
"E02000869",6,3,1,5
"E02000869",6,3,2,42
"E02000869",6,3,3,66
"E02000869",6,3,4,16
"E02000869",6,4,1,14
"E02000869",6,4,2,14
"E02000869",6,4,3,34
"E02000869",6,4,4,61
"E02000870",2,1,1,33
"E02000870",2,1,2,42
"E02000870",2,1,3,26
"E02000870",2,1,4,6
"E02000870",2,2,1,10
"E02000870",2,2,2,51
"E02000870",2,2,3,34
"E02000870",2,2,4,2
"E02000870",2,3,1,0
"E02000870",2,3,2,10
"E02000870",2,3,3,11
"E02000870",2,3,4,2
"E02000870",2,4,1,0
"E02000870",2,4,2,6
"E02000870",2,4,3,11
"E02000870",2,4,4,7
"E02000870",3,1,1,88
"E02000870",3,1,2,65
"E02000870",3,1,3,24
"E02000870",3,1,4,3
"E02000870",3,2,1,38
"E02000870",3,2,2,73
"E02000870",3,2,3,42
"E02000870",3,2,4,1
"E02000870",3,3,1,8
"E02000870",3,3,2,38
"E02000870",3,3,3,26
"E02000870",3,3,4,1
"E02000870",3,4,1,5
"E02000870",3,4,2,26
"E02000870",3,4,3,32
"E02000870",3,4,4,7
"E02000870",5,1,1,224
"E02000870",5,1,2,122
"E02000870",5,1,3,67
"E02000870",5,1,4,2
"E02000870",5,2,1,44
"E02000870",5,2,2,126
"E02000870",5,2,3,81
"E02000870",5,2,4,1
"E02000870",5,3,1,11
"E02000870",5,3,2,77
"E02000870",5,3,3,59
"E02000870",5,3,4,5
"E02000870",5,4,1,10
"E02000870",5,4,2,146
"E02000870",5,4,3,155
"E02000870",5,4,4,36
"E02000870",6,1,1,72
"E02000870",6,1,2,45
"E02000870",6,1,3,20
"E02000870",6,1,4,4
"E02000870",6,2,1,95
"E02000870",6,2,2,102
"E02000870",6,2,3,27
"E02000870",6,2,4,8
"E02000870",6,3,1,14
"E02000870",6,3,2,44
"E02000870",6,3,3,69
"E02000870",6,3,4,10
"E02000870",6,4,1,4
"E02000870",6,4,2,39
"E02000870",6,4,3,64
"E02000870",6,4,4,49
"E02000871",2,1,1,23
"E02000871",2,1,2,22
"E02000871",2,1,3,7
"E02000871",2,1,4,2
"E02000871",2,2,1,2
"E02000871",2,2,2,16
"E02000871",2,2,3,20
"E02000871",2,2,4,2
"E02000871",2,3,1,1
"E02000871",2,3,2,6
"E02000871",2,3,3,6
"E02000871",2,3,4,3
"E02000871",2,4,1,2
"E02000871",2,4,2,4
"E02000871",2,4,3,15
"E02000871",2,4,4,7
"E02000871",3,1,1,73
"E02000871",3,1,2,72
"E02000871",3,1,3,11
"E02000871",3,1,4,4
"E02000871",3,2,1,39
"E02000871",3,2,2,70
"E02000871",3,2,3,23
"E02000871",3,2,4,1
"E02000871",3,3,1,6
"E02000871",3,3,2,21
"E02000871",3,3,3,18
"E02000871",3,3,4,2
"E02000871",3,4,1,4
"E02000871",3,4,2,44
"E02000871",3,4,3,49
"E02000871",3,4,4,16
"E02000871",5,1,1,385
"E02000871",5,1,2,145
"E02000871",5,1,3,47
"E02000871",5,1,4,3
"E02000871",5,2,1,113
"E02000871",5,2,2,171
"E02000871",5,2,3,69
"E02000871",5,2,4,12
"E02000871",5,3,1,28
"E02000871",5,3,2,123
"E02000871",5,3,3,69
"E02000871",5,3,4,7
"E02000871",5,4,1,17
"E02000871",5,4,2,191
"E02000871",5,4,3,229
"E02000871",5,4,4,121
"E02000871",6,1,1,117
"E02000871",6,1,2,48
"E02000871",6,1,3,10
"E02000871",6,1,4,3
"E02000871",6,2,1,103
"E02000871",6,2,2,150
"E02000871",6,2,3,24
"E02000871",6,2,4,11
"E02000871",6,3,1,18
"E02000871",6,3,2,78
"E02000871",6,3,3,38
"E02000871",6,3,4,5
"E02000871",6,4,1,7
"E02000871",6,4,2,63
"E02000871",6,4,3,76
"E02000871",6,4,4,35
"E02000872",2,1,1,33
"E02000872",2,1,2,43
"E02000872",2,1,3,21
"E02000872",2,1,4,4
"E02000872",2,2,1,15
"E02000872",2,2,2,40
"E02000872",2,2,3,19
"E02000872",2,2,4,4
"E02000872",2,3,1,1
"E02000872",2,3,2,5
"E02000872",2,3,3,11
"E02000872",2,3,4,1
"E02000872",2,4,1,0
"E02000872",2,4,2,10
"E02000872",2,4,3,14
"E02000872",2,4,4,4
"E02000872",3,1,1,65
"E02000872",3,1,2,85
"E02000872",3,1,3,26
"E02000872",3,1,4,3
"E02000872",3,2,1,39
"E02000872",3,2,2,106
"E02000872",3,2,3,30
"E02000872",3,2,4,4
"E02000872",3,3,1,4
"E02000872",3,3,2,36
"E02000872",3,3,3,17
"E02000872",3,3,4,1
"E02000872",3,4,1,4
"E02000872",3,4,2,27
"E02000872",3,4,3,31
"E02000872",3,4,4,6
"E02000872",5,1,1,334
"E02000872",5,1,2,128
"E02000872",5,1,3,33
"E02000872",5,1,4,5
"E02000872",5,2,1,64
"E02000872",5,2,2,139
"E02000872",5,2,3,37
"E02000872",5,2,4,2
"E02000872",5,3,1,18
"E02000872",5,3,2,81
"E02000872",5,3,3,33
"E02000872",5,3,4,6
"E02000872",5,4,1,10
"E02000872",5,4,2,183
"E02000872",5,4,3,111
"E02000872",5,4,4,69
"E02000872",6,1,1,175
"E02000872",6,1,2,77
"E02000872",6,1,3,12
"E02000872",6,1,4,5
"E02000872",6,2,1,187
"E02000872",6,2,2,266
"E02000872",6,2,3,32
"E02000872",6,2,4,6
"E02000872",6,3,1,18
"E02000872",6,3,2,67
"E02000872",6,3,3,111
"E02000872",6,3,4,14
"E02000872",6,4,1,1
"E02000872",6,4,2,36
"E02000872",6,4,3,52
"E02000872",6,4,4,67
"E02000873",2,1,1,23
"E02000873",2,1,2,57
"E02000873",2,1,3,13
"E02000873",2,1,4,5
"E02000873",2,2,1,6
"E02000873",2,2,2,39
"E02000873",2,2,3,15
"E02000873",2,2,4,6
"E02000873",2,3,1,1
"E02000873",2,3,2,12
"E02000873",2,3,3,14
"E02000873",2,3,4,4
"E02000873",2,4,1,2
"E02000873",2,4,2,6
"E02000873",2,4,3,12
"E02000873",2,4,4,9
"E02000873",3,1,1,45
"E02000873",3,1,2,90
"E02000873",3,1,3,10
"E02000873",3,1,4,5
"E02000873",3,2,1,25
"E02000873",3,2,2,153
"E02000873",3,2,3,18
"E02000873",3,2,4,3
"E02000873",3,3,1,10
"E02000873",3,3,2,34
"E02000873",3,3,3,19
"E02000873",3,3,4,3
"E02000873",3,4,1,2
"E02000873",3,4,2,36
"E02000873",3,4,3,34
"E02000873",3,4,4,16
"E02000873",5,1,1,297
"E02000873",5,1,2,140
"E02000873",5,1,3,24
"E02000873",5,1,4,15
"E02000873",5,2,1,72
"E02000873",5,2,2,145
"E02000873",5,2,3,27
"E02000873",5,2,4,12
"E02000873",5,3,1,19
"E02000873",5,3,2,99
"E02000873",5,3,3,24
"E02000873",5,3,4,11
"E02000873",5,4,1,11
"E02000873",5,4,2,224
"E02000873",5,4,3,129
"E02000873",5,4,4,46
"E02000873",6,1,1,84
"E02000873",6,1,2,44
"E02000873",6,1,3,8
"E02000873",6,1,4,31
"E02000873",6,2,1,50
"E02000873",6,2,2,141
"E02000873",6,2,3,21
"E02000873",6,2,4,15
"E02000873",6,3,1,10
"E02000873",6,3,2,61
"E02000873",6,3,3,56
"E02000873",6,3,4,19
"E02000873",6,4,1,6
"E02000873",6,4,2,51
"E02000873",6,4,3,61
"E02000873",6,4,4,112
"E02000874",2,1,1,33
"E02000874",2,1,2,18
"E02000874",2,1,3,20
"E02000874",2,1,4,1
"E02000874",2,2,1,5
"E02000874",2,2,2,19
"E02000874",2,2,3,12
"E02000874",2,2,4,0
"E02000874",2,3,1,1
"E02000874",2,3,2,12
"E02000874",2,3,3,4
"E02000874",2,3,4,3
"E02000874",2,4,1,0
"E02000874",2,4,2,6
"E02000874",2,4,3,22
"E02000874",2,4,4,8
"E02000874",3,1,1,38
"E02000874",3,1,2,39
"E02000874",3,1,3,14
"E02000874",3,1,4,0
"E02000874",3,2,1,20
"E02000874",3,2,2,51
"E02000874",3,2,3,14
"E02000874",3,2,4,2
"E02000874",3,3,1,2
"E02000874",3,3,2,12
"E02000874",3,3,3,14
"E02000874",3,3,4,4
"E02000874",3,4,1,5
"E02000874",3,4,2,40
"E02000874",3,4,3,47
"E02000874",3,4,4,23
"E02000874",5,1,1,360
"E02000874",5,1,2,110
"E02000874",5,1,3,28
"E02000874",5,1,4,16
"E02000874",5,2,1,75
"E02000874",5,2,2,99
"E02000874",5,2,3,47
"E02000874",5,2,4,2
"E02000874",5,3,1,16
"E02000874",5,3,2,85
"E02000874",5,3,3,39
"E02000874",5,3,4,7
"E02000874",5,4,1,9
"E02000874",5,4,2,219
"E02000874",5,4,3,171
"E02000874",5,4,4,45
"E02000874",6,1,1,139
"E02000874",6,1,2,33
"E02000874",6,1,3,10
"E02000874",6,1,4,10
"E02000874",6,2,1,86
"E02000874",6,2,2,68
"E02000874",6,2,3,20
"E02000874",6,2,4,6
"E02000874",6,3,1,10
"E02000874",6,3,2,47
"E02000874",6,3,3,63
"E02000874",6,3,4,14
"E02000874",6,4,1,3
"E02000874",6,4,2,46
"E02000874",6,4,3,64
"E02000874",6,4,4,58
"E02000875",2,1,1,19
"E02000875",2,1,2,34
"E02000875",2,1,3,16
"E02000875",2,1,4,2
"E02000875",2,2,1,1
"E02000875",2,2,2,24
"E02000875",2,2,3,9
"E02000875",2,2,4,5
"E02000875",2,3,1,0
"E02000875",2,3,2,17
"E02000875",2,3,3,11
"E02000875",2,3,4,0
"E02000875",2,4,1,0
"E02000875",2,4,2,4
"E02000875",2,4,3,12
"E02000875",2,4,4,6
"E02000875",3,1,1,84
"E02000875",3,1,2,77
"E02000875",3,1,3,15
"E02000875",3,1,4,2
"E02000875",3,2,1,26
"E02000875",3,2,2,79
"E02000875",3,2,3,13
"E02000875",3,2,4,5
"E02000875",3,3,1,3
"E02000875",3,3,2,27
"E02000875",3,3,3,21
"E02000875",3,3,4,4
"E02000875",3,4,1,3
"E02000875",3,4,2,45
"E02000875",3,4,3,31
"E02000875",3,4,4,10
"E02000875",5,1,1,416
"E02000875",5,1,2,154
"E02000875",5,1,3,58
"E02000875",5,1,4,12
"E02000875",5,2,1,94
"E02000875",5,2,2,169
"E02000875",5,2,3,80
"E02000875",5,2,4,9
"E02000875",5,3,1,31
"E02000875",5,3,2,113
"E02000875",5,3,3,61
"E02000875",5,3,4,11
"E02000875",5,4,1,18
"E02000875",5,4,2,287
"E02000875",5,4,3,244
"E02000875",5,4,4,100
"E02000875",6,1,1,140
"E02000875",6,1,2,41
"E02000875",6,1,3,7
"E02000875",6,1,4,2
"E02000875",6,2,1,150
"E02000875",6,2,2,223
"E02000875",6,2,3,25
"E02000875",6,2,4,6
"E02000875",6,3,1,27
"E02000875",6,3,2,77
"E02000875",6,3,3,37
"E02000875",6,3,4,8
"E02000875",6,4,1,8
"E02000875",6,4,2,83
"E02000875",6,4,3,71
"E02000875",6,4,4,70
"E02000876",2,1,1,52
"E02000876",2,1,2,39
"E02000876",2,1,3,22
"E02000876",2,1,4,1
"E02000876",2,2,1,20
"E02000876",2,2,2,26
"E02000876",2,2,3,17
"E02000876",2,2,4,2
"E02000876",2,3,1,0
"E02000876",2,3,2,9
"E02000876",2,3,3,9
"E02000876",2,3,4,1
"E02000876",2,4,1,0
"E02000876",2,4,2,5
"E02000876",2,4,3,8
"E02000876",2,4,4,8
"E02000876",3,1,1,108
"E02000876",3,1,2,60
"E02000876",3,1,3,21
"E02000876",3,1,4,1
"E02000876",3,2,1,37
"E02000876",3,2,2,75
"E02000876",3,2,3,17
"E02000876",3,2,4,1
"E02000876",3,3,1,6
"E02000876",3,3,2,20
"E02000876",3,3,3,16
"E02000876",3,3,4,3
"E02000876",3,4,1,4
"E02000876",3,4,2,32
"E02000876",3,4,3,44
"E02000876",3,4,4,16
"E02000876",5,1,1,382
"E02000876",5,1,2,54
"E02000876",5,1,3,21
"E02000876",5,1,4,4
"E02000876",5,2,1,63
"E02000876",5,2,2,45
"E02000876",5,2,3,19
"E02000876",5,2,4,6
"E02000876",5,3,1,25
"E02000876",5,3,2,50
"E02000876",5,3,3,21
"E02000876",5,3,4,3
"E02000876",5,4,1,23
"E02000876",5,4,2,128
"E02000876",5,4,3,87
"E02000876",5,4,4,98
"E02000876",6,1,1,184
"E02000876",6,1,2,46
"E02000876",6,1,3,17
"E02000876",6,1,4,6
"E02000876",6,2,1,186
"E02000876",6,2,2,171
"E02000876",6,2,3,41
"E02000876",6,2,4,13
"E02000876",6,3,1,24
"E02000876",6,3,2,82
"E02000876",6,3,3,74
"E02000876",6,3,4,15
"E02000876",6,4,1,8
"E02000876",6,4,2,46
"E02000876",6,4,3,53
"E02000876",6,4,4,75
"E02000877",2,1,1,14
"E02000877",2,1,2,26
"E02000877",2,1,3,34
"E02000877",2,1,4,5
"E02000877",2,2,1,2
"E02000877",2,2,2,22
"E02000877",2,2,3,20
"E02000877",2,2,4,3
"E02000877",2,3,1,3
"E02000877",2,3,2,6
"E02000877",2,3,3,19
"E02000877",2,3,4,3
"E02000877",2,4,1,2
"E02000877",2,4,2,10
"E02000877",2,4,3,15
"E02000877",2,4,4,9
"E02000877",3,1,1,40
"E02000877",3,1,2,62
"E02000877",3,1,3,19
"E02000877",3,1,4,4
"E02000877",3,2,1,11
"E02000877",3,2,2,62
"E02000877",3,2,3,50
"E02000877",3,2,4,8
"E02000877",3,3,1,3
"E02000877",3,3,2,25
"E02000877",3,3,3,18
"E02000877",3,3,4,4
"E02000877",3,4,1,1
"E02000877",3,4,2,51
"E02000877",3,4,3,67
"E02000877",3,4,4,22
"E02000877",5,1,1,307
"E02000877",5,1,2,156
"E02000877",5,1,3,72
"E02000877",5,1,4,11
"E02000877",5,2,1,85
"E02000877",5,2,2,176
"E02000877",5,2,3,55
"E02000877",5,2,4,12
"E02000877",5,3,1,29
"E02000877",5,3,2,125
"E02000877",5,3,3,68
"E02000877",5,3,4,6
"E02000877",5,4,1,26
"E02000877",5,4,2,290
"E02000877",5,4,3,227
"E02000877",5,4,4,104
"E02000877",6,1,1,52
"E02000877",6,1,2,40
"E02000877",6,1,3,22
"E02000877",6,1,4,14
"E02000877",6,2,1,60
"E02000877",6,2,2,127
"E02000877",6,2,3,26
"E02000877",6,2,4,14
"E02000877",6,3,1,11
"E02000877",6,3,2,62
"E02000877",6,3,3,66
"E02000877",6,3,4,19
"E02000877",6,4,1,10
"E02000877",6,4,2,83
"E02000877",6,4,3,105
"E02000877",6,4,4,152
"E02000878",2,1,1,54
"E02000878",2,1,2,87
"E02000878",2,1,3,24
"E02000878",2,1,4,7
"E02000878",2,2,1,28
"E02000878",2,2,2,63
"E02000878",2,2,3,18
"E02000878",2,2,4,11
"E02000878",2,3,1,2
"E02000878",2,3,2,14
"E02000878",2,3,3,12
"E02000878",2,3,4,4
"E02000878",2,4,1,0
"E02000878",2,4,2,7
"E02000878",2,4,3,22
"E02000878",2,4,4,24
"E02000878",3,1,1,135
"E02000878",3,1,2,105
"E02000878",3,1,3,17
"E02000878",3,1,4,10
"E02000878",3,2,1,36
"E02000878",3,2,2,109
"E02000878",3,2,3,33
"E02000878",3,2,4,8
"E02000878",3,3,1,8
"E02000878",3,3,2,21
"E02000878",3,3,3,21
"E02000878",3,3,4,11
"E02000878",3,4,1,9
"E02000878",3,4,2,48
"E02000878",3,4,3,51
"E02000878",3,4,4,53
"E02000878",5,1,1,441
"E02000878",5,1,2,67
"E02000878",5,1,3,22
"E02000878",5,1,4,6
"E02000878",5,2,1,75
"E02000878",5,2,2,78
"E02000878",5,2,3,22
"E02000878",5,2,4,11
"E02000878",5,3,1,32
"E02000878",5,3,2,53
"E02000878",5,3,3,24
"E02000878",5,3,4,12
"E02000878",5,4,1,29
"E02000878",5,4,2,149
"E02000878",5,4,3,128
"E02000878",5,4,4,95
"E02000878",6,1,1,338
"E02000878",6,1,2,123
"E02000878",6,1,3,18
"E02000878",6,1,4,13
"E02000878",6,2,1,300
"E02000878",6,2,2,316
"E02000878",6,2,3,50
"E02000878",6,2,4,20
"E02000878",6,3,1,23
"E02000878",6,3,2,58
"E02000878",6,3,3,98
"E02000878",6,3,4,22
"E02000878",6,4,1,19
"E02000878",6,4,2,48
"E02000878",6,4,3,51
"E02000878",6,4,4,107
"E02000879",2,1,1,47
"E02000879",2,1,2,40
"E02000879",2,1,3,33
"E02000879",2,1,4,12
"E02000879",2,2,1,6
"E02000879",2,2,2,35
"E02000879",2,2,3,39
"E02000879",2,2,4,8
"E02000879",2,3,1,0
"E02000879",2,3,2,9
"E02000879",2,3,3,10
"E02000879",2,3,4,2
"E02000879",2,4,1,1
"E02000879",2,4,2,6
"E02000879",2,4,3,20
"E02000879",2,4,4,10
"E02000879",3,1,1,53
"E02000879",3,1,2,63
"E02000879",3,1,3,33
"E02000879",3,1,4,4
"E02000879",3,2,1,31
"E02000879",3,2,2,67
"E02000879",3,2,3,27
"E02000879",3,2,4,1
"E02000879",3,3,1,6
"E02000879",3,3,2,19
"E02000879",3,3,3,24
"E02000879",3,3,4,4
"E02000879",3,4,1,2
"E02000879",3,4,2,41
"E02000879",3,4,3,62
"E02000879",3,4,4,22
"E02000879",5,1,1,369
"E02000879",5,1,2,113
"E02000879",5,1,3,53
"E02000879",5,1,4,10
"E02000879",5,2,1,65
"E02000879",5,2,2,111
"E02000879",5,2,3,71
"E02000879",5,2,4,2
"E02000879",5,3,1,19
"E02000879",5,3,2,62
"E02000879",5,3,3,41
"E02000879",5,3,4,6
"E02000879",5,4,1,17
"E02000879",5,4,2,152
"E02000879",5,4,3,155
"E02000879",5,4,4,68
"E02000879",6,1,1,147
"E02000879",6,1,2,36
"E02000879",6,1,3,14
"E02000879",6,1,4,3
"E02000879",6,2,1,104
"E02000879",6,2,2,92
"E02000879",6,2,3,31
"E02000879",6,2,4,14
"E02000879",6,3,1,13
"E02000879",6,3,2,52
"E02000879",6,3,3,63
"E02000879",6,3,4,21
"E02000879",6,4,1,13
"E02000879",6,4,2,53
"E02000879",6,4,3,86
"E02000879",6,4,4,62
"E02000880",2,1,1,23
"E02000880",2,1,2,44
"E02000880",2,1,3,8
"E02000880",2,1,4,1
"E02000880",2,2,1,6
"E02000880",2,2,2,27
"E02000880",2,2,3,10
"E02000880",2,2,4,4
"E02000880",2,3,1,1
"E02000880",2,3,2,5
"E02000880",2,3,3,5
"E02000880",2,3,4,2
"E02000880",2,4,1,1
"E02000880",2,4,2,8
"E02000880",2,4,3,11
"E02000880",2,4,4,11
"E02000880",3,1,1,56
"E02000880",3,1,2,54
"E02000880",3,1,3,8
"E02000880",3,1,4,3
"E02000880",3,2,1,36
"E02000880",3,2,2,61
"E02000880",3,2,3,9
"E02000880",3,2,4,5
"E02000880",3,3,1,1
"E02000880",3,3,2,18
"E02000880",3,3,3,11
"E02000880",3,3,4,5
"E02000880",3,4,1,5
"E02000880",3,4,2,32
"E02000880",3,4,3,38
"E02000880",3,4,4,28
"E02000880",5,1,1,240
"E02000880",5,1,2,104
"E02000880",5,1,3,31
"E02000880",5,1,4,3
"E02000880",5,2,1,51
"E02000880",5,2,2,65
"E02000880",5,2,3,18
"E02000880",5,2,4,5
"E02000880",5,3,1,23
"E02000880",5,3,2,53
"E02000880",5,3,3,15
"E02000880",5,3,4,8
"E02000880",5,4,1,20
"E02000880",5,4,2,133
"E02000880",5,4,3,83
"E02000880",5,4,4,56
"E02000880",6,1,1,100
"E02000880",6,1,2,37
"E02000880",6,1,3,6
"E02000880",6,1,4,4
"E02000880",6,2,1,81
"E02000880",6,2,2,103
"E02000880",6,2,3,16
"E02000880",6,2,4,5
"E02000880",6,3,1,16
"E02000880",6,3,2,71
"E02000880",6,3,3,40
"E02000880",6,3,4,9
"E02000880",6,4,1,9
"E02000880",6,4,2,44
"E02000880",6,4,3,42
"E02000880",6,4,4,62
"E02000881",2,1,1,18
"E02000881",2,1,2,40
"E02000881",2,1,3,29
"E02000881",2,1,4,4
"E02000881",2,2,1,5
"E02000881",2,2,2,27
"E02000881",2,2,3,26
"E02000881",2,2,4,3
"E02000881",2,3,1,1
"E02000881",2,3,2,6
"E02000881",2,3,3,9
"E02000881",2,3,4,1
"E02000881",2,4,1,1
"E02000881",2,4,2,4
"E02000881",2,4,3,20
"E02000881",2,4,4,3
"E02000881",3,1,1,65
"E02000881",3,1,2,61
"E02000881",3,1,3,28
"E02000881",3,1,4,1
"E02000881",3,2,1,24
"E02000881",3,2,2,66
"E02000881",3,2,3,37
"E02000881",3,2,4,4
"E02000881",3,3,1,5
"E02000881",3,3,2,18
"E02000881",3,3,3,17
"E02000881",3,3,4,2
"E02000881",3,4,1,8
"E02000881",3,4,2,18
"E02000881",3,4,3,55
"E02000881",3,4,4,18
"E02000881",5,1,1,223
"E02000881",5,1,2,95
"E02000881",5,1,3,47
"E02000881",5,1,4,8
"E02000881",5,2,1,55
"E02000881",5,2,2,109
"E02000881",5,2,3,57
"E02000881",5,2,4,11
"E02000881",5,3,1,16
"E02000881",5,3,2,91
"E02000881",5,3,3,61
"E02000881",5,3,4,11
"E02000881",5,4,1,10
"E02000881",5,4,2,165
"E02000881",5,4,3,213
"E02000881",5,4,4,119
"E02000881",6,1,1,75
"E02000881",6,1,2,20
"E02000881",6,1,3,7
"E02000881",6,1,4,2
"E02000881",6,2,1,39
"E02000881",6,2,2,61
"E02000881",6,2,3,11
"E02000881",6,2,4,2
"E02000881",6,3,1,11
"E02000881",6,3,2,40
"E02000881",6,3,3,23
"E02000881",6,3,4,6
"E02000881",6,4,1,3
"E02000881",6,4,2,39
"E02000881",6,4,3,74
"E02000881",6,4,4,51
"E02000882",2,1,1,10
"E02000882",2,1,2,34
"E02000882",2,1,3,16
"E02000882",2,1,4,8
"E02000882",2,2,1,2
"E02000882",2,2,2,20
"E02000882",2,2,3,13
"E02000882",2,2,4,3
"E02000882",2,3,1,1
"E02000882",2,3,2,4
"E02000882",2,3,3,5
"E02000882",2,3,4,3
"E02000882",2,4,1,0
"E02000882",2,4,2,5
"E02000882",2,4,3,14
"E02000882",2,4,4,2
"E02000882",3,1,1,108
"E02000882",3,1,2,86
"E02000882",3,1,3,13
"E02000882",3,1,4,4
"E02000882",3,2,1,27
"E02000882",3,2,2,106
"E02000882",3,2,3,29
"E02000882",3,2,4,4
"E02000882",3,3,1,6
"E02000882",3,3,2,48
"E02000882",3,3,3,13
"E02000882",3,3,4,2
"E02000882",3,4,1,2
"E02000882",3,4,2,32
"E02000882",3,4,3,35
"E02000882",3,4,4,36
"E02000882",5,1,1,329
"E02000882",5,1,2,169
"E02000882",5,1,3,24
"E02000882",5,1,4,3
"E02000882",5,2,1,95
"E02000882",5,2,2,202
"E02000882",5,2,3,49
"E02000882",5,2,4,8
"E02000882",5,3,1,23
"E02000882",5,3,2,111
"E02000882",5,3,3,52
"E02000882",5,3,4,17
"E02000882",5,4,1,29
"E02000882",5,4,2,265
"E02000882",5,4,3,230
"E02000882",5,4,4,179
"E02000882",6,1,1,47
"E02000882",6,1,2,29
"E02000882",6,1,3,4
"E02000882",6,1,4,2
"E02000882",6,2,1,39
"E02000882",6,2,2,60
"E02000882",6,2,3,12
"E02000882",6,2,4,5
"E02000882",6,3,1,5
"E02000882",6,3,2,24
"E02000882",6,3,3,35
"E02000882",6,3,4,4
"E02000882",6,4,1,7
"E02000882",6,4,2,39
"E02000882",6,4,3,49
"E02000882",6,4,4,47
"E02000883",2,1,1,7
"E02000883",2,1,2,28
"E02000883",2,1,3,37
"E02000883",2,1,4,5
"E02000883",2,2,1,3
"E02000883",2,2,2,19
"E02000883",2,2,3,31
"E02000883",2,2,4,7
"E02000883",2,3,1,0
"E02000883",2,3,2,7
"E02000883",2,3,3,12
"E02000883",2,3,4,3
"E02000883",2,4,1,1
"E02000883",2,4,2,5
"E02000883",2,4,3,9
"E02000883",2,4,4,4
"E02000883",3,1,1,26
"E02000883",3,1,2,54
"E02000883",3,1,3,24
"E02000883",3,1,4,0
"E02000883",3,2,1,12
"E02000883",3,2,2,41
"E02000883",3,2,3,21
"E02000883",3,2,4,3
"E02000883",3,3,1,0
"E02000883",3,3,2,17
"E02000883",3,3,3,14
"E02000883",3,3,4,3
"E02000883",3,4,1,4
"E02000883",3,4,2,31
"E02000883",3,4,3,49
"E02000883",3,4,4,22
"E02000883",5,1,1,298
"E02000883",5,1,2,197
"E02000883",5,1,3,87
"E02000883",5,1,4,7
"E02000883",5,2,1,75
"E02000883",5,2,2,193
"E02000883",5,2,3,91
"E02000883",5,2,4,18
"E02000883",5,3,1,14
"E02000883",5,3,2,123
"E02000883",5,3,3,81
"E02000883",5,3,4,13
"E02000883",5,4,1,18
"E02000883",5,4,2,188
"E02000883",5,4,3,241
"E02000883",5,4,4,87
"E02000883",6,1,1,70
"E02000883",6,1,2,54
"E02000883",6,1,3,23
"E02000883",6,1,4,7
"E02000883",6,2,1,56
"E02000883",6,2,2,109
"E02000883",6,2,3,36
"E02000883",6,2,4,4
"E02000883",6,3,1,15
"E02000883",6,3,2,59
"E02000883",6,3,3,18
"E02000883",6,3,4,6
"E02000883",6,4,1,1
"E02000883",6,4,2,72
"E02000883",6,4,3,84
"E02000883",6,4,4,36
"E02000884",2,1,1,48
"E02000884",2,1,2,59
"E02000884",2,1,3,12
"E02000884",2,1,4,2
"E02000884",2,2,1,15
"E02000884",2,2,2,32
"E02000884",2,2,3,14
"E02000884",2,2,4,2
"E02000884",2,3,1,4
"E02000884",2,3,2,6
"E02000884",2,3,3,4
"E02000884",2,3,4,8
"E02000884",2,4,1,2
"E02000884",2,4,2,13
"E02000884",2,4,3,17
"E02000884",2,4,4,16
"E02000884",3,1,1,95
"E02000884",3,1,2,111
"E02000884",3,1,3,18
"E02000884",3,1,4,1
"E02000884",3,2,1,38
"E02000884",3,2,2,127
"E02000884",3,2,3,23
"E02000884",3,2,4,5
"E02000884",3,3,1,3
"E02000884",3,3,2,23
"E02000884",3,3,3,9
"E02000884",3,3,4,4
"E02000884",3,4,1,2
"E02000884",3,4,2,16
"E02000884",3,4,3,27
"E02000884",3,4,4,20
"E02000884",5,1,1,305
"E02000884",5,1,2,52
"E02000884",5,1,3,17
"E02000884",5,1,4,5
"E02000884",5,2,1,59
"E02000884",5,2,2,61
"E02000884",5,2,3,15
"E02000884",5,2,4,6
"E02000884",5,3,1,14
"E02000884",5,3,2,59
"E02000884",5,3,3,30
"E02000884",5,3,4,17
"E02000884",5,4,1,14
"E02000884",5,4,2,109
"E02000884",5,4,3,131
"E02000884",5,4,4,104
"E02000884",6,1,1,389
"E02000884",6,1,2,134
"E02000884",6,1,3,17
"E02000884",6,1,4,8
"E02000884",6,2,1,348
"E02000884",6,2,2,397
"E02000884",6,2,3,49
"E02000884",6,2,4,8
"E02000884",6,3,1,28
"E02000884",6,3,2,124
"E02000884",6,3,3,149
"E02000884",6,3,4,18
"E02000884",6,4,1,16
"E02000884",6,4,2,82
"E02000884",6,4,3,84
"E02000884",6,4,4,82
"E02000885",2,1,1,9
"E02000885",2,1,2,35
"E02000885",2,1,3,15
"E02000885",2,1,4,4
"E02000885",2,2,1,4
"E02000885",2,2,2,21
"E02000885",2,2,3,19
"E02000885",2,2,4,2
"E02000885",2,3,1,0
"E02000885",2,3,2,5
"E02000885",2,3,3,12
"E02000885",2,3,4,2
"E02000885",2,4,1,0
"E02000885",2,4,2,9
"E02000885",2,4,3,10
"E02000885",2,4,4,6
"E02000885",3,1,1,47
"E02000885",3,1,2,47
"E02000885",3,1,3,10
"E02000885",3,1,4,0
"E02000885",3,2,1,31
"E02000885",3,2,2,74
"E02000885",3,2,3,14
"E02000885",3,2,4,3
"E02000885",3,3,1,3
"E02000885",3,3,2,19
"E02000885",3,3,3,12
"E02000885",3,3,4,2
"E02000885",3,4,1,4
"E02000885",3,4,2,41
"E02000885",3,4,3,47
"E02000885",3,4,4,12
"E02000885",5,1,1,409
"E02000885",5,1,2,112
"E02000885",5,1,3,41
"E02000885",5,1,4,5
"E02000885",5,2,1,75
"E02000885",5,2,2,149
"E02000885",5,2,3,40
"E02000885",5,2,4,14
"E02000885",5,3,1,22
"E02000885",5,3,2,69
"E02000885",5,3,3,40
"E02000885",5,3,4,11
"E02000885",5,4,1,21
"E02000885",5,4,2,153
"E02000885",5,4,3,160
"E02000885",5,4,4,100
"E02000885",6,1,1,79
"E02000885",6,1,2,30
"E02000885",6,1,3,7
"E02000885",6,1,4,8
"E02000885",6,2,1,53
"E02000885",6,2,2,117
"E02000885",6,2,3,15
"E02000885",6,2,4,5
"E02000885",6,3,1,7
"E02000885",6,3,2,44
"E02000885",6,3,3,31
"E02000885",6,3,4,9
"E02000885",6,4,1,5
"E02000885",6,4,2,52
"E02000885",6,4,3,55
"E02000885",6,4,4,52
"E02000886",2,1,1,34
"E02000886",2,1,2,83
"E02000886",2,1,3,42
"E02000886",2,1,4,9
"E02000886",2,2,1,13
"E02000886",2,2,2,71
"E02000886",2,2,3,31
"E02000886",2,2,4,7
"E02000886",2,3,1,0
"E02000886",2,3,2,14
"E02000886",2,3,3,11
"E02000886",2,3,4,6
"E02000886",2,4,1,1
"E02000886",2,4,2,7
"E02000886",2,4,3,14
"E02000886",2,4,4,13
"E02000886",3,1,1,69
"E02000886",3,1,2,157
"E02000886",3,1,3,34
"E02000886",3,1,4,6
"E02000886",3,2,1,37
"E02000886",3,2,2,160
"E02000886",3,2,3,49
"E02000886",3,2,4,4
"E02000886",3,3,1,4
"E02000886",3,3,2,49
"E02000886",3,3,3,38
"E02000886",3,3,4,11
"E02000886",3,4,1,2
"E02000886",3,4,2,32
"E02000886",3,4,3,42
"E02000886",3,4,4,32
"E02000886",5,1,1,299
"E02000886",5,1,2,86
"E02000886",5,1,3,22
"E02000886",5,1,4,7
"E02000886",5,2,1,69
"E02000886",5,2,2,93
"E02000886",5,2,3,38
"E02000886",5,2,4,3
"E02000886",5,3,1,15
"E02000886",5,3,2,57
"E02000886",5,3,3,35
"E02000886",5,3,4,2
"E02000886",5,4,1,11
"E02000886",5,4,2,116
"E02000886",5,4,3,97
"E02000886",5,4,4,34
"E02000886",6,1,1,158
"E02000886",6,1,2,118
"E02000886",6,1,3,17
"E02000886",6,1,4,1
"E02000886",6,2,1,142
"E02000886",6,2,2,336
"E02000886",6,2,3,17
"E02000886",6,2,4,4
"E02000886",6,3,1,19
"E02000886",6,3,2,91
"E02000886",6,3,3,61
"E02000886",6,3,4,6
"E02000886",6,4,1,2
"E02000886",6,4,2,57
"E02000886",6,4,3,52
"E02000886",6,4,4,38
"E02000887",2,1,1,16
"E02000887",2,1,2,23
"E02000887",2,1,3,36
"E02000887",2,1,4,6
"E02000887",2,2,1,8
"E02000887",2,2,2,22
"E02000887",2,2,3,36
"E02000887",2,2,4,4
"E02000887",2,3,1,1
"E02000887",2,3,2,11
"E02000887",2,3,3,17
"E02000887",2,3,4,5
"E02000887",2,4,1,0
"E02000887",2,4,2,4
"E02000887",2,4,3,14
"E02000887",2,4,4,10
"E02000887",3,1,1,49
"E02000887",3,1,2,74
"E02000887",3,1,3,30
"E02000887",3,1,4,6
"E02000887",3,2,1,22
"E02000887",3,2,2,77
"E02000887",3,2,3,44
"E02000887",3,2,4,3
"E02000887",3,3,1,8
"E02000887",3,3,2,21
"E02000887",3,3,3,24
"E02000887",3,3,4,3
"E02000887",3,4,1,2
"E02000887",3,4,2,29
"E02000887",3,4,3,62
"E02000887",3,4,4,22
"E02000887",5,1,1,298
"E02000887",5,1,2,137
"E02000887",5,1,3,59
"E02000887",5,1,4,6
"E02000887",5,2,1,103
"E02000887",5,2,2,191
"E02000887",5,2,3,62
"E02000887",5,2,4,9
"E02000887",5,3,1,35
"E02000887",5,3,2,141
"E02000887",5,3,3,61
"E02000887",5,3,4,9
"E02000887",5,4,1,13
"E02000887",5,4,2,237
"E02000887",5,4,3,207
"E02000887",5,4,4,65
"E02000887",6,1,1,125
"E02000887",6,1,2,46
"E02000887",6,1,3,26
"E02000887",6,1,4,11
"E02000887",6,2,1,85
"E02000887",6,2,2,137
"E02000887",6,2,3,35
"E02000887",6,2,4,8
"E02000887",6,3,1,11
"E02000887",6,3,2,71
"E02000887",6,3,3,44
"E02000887",6,3,4,9
"E02000887",6,4,1,10
"E02000887",6,4,2,83
"E02000887",6,4,3,87
"E02000887",6,4,4,55
"E02000888",2,1,1,36
"E02000888",2,1,2,75
"E02000888",2,1,3,23
"E02000888",2,1,4,1
"E02000888",2,2,1,7
"E02000888",2,2,2,59
"E02000888",2,2,3,16
"E02000888",2,2,4,3
"E02000888",2,3,1,0
"E02000888",2,3,2,5
"E02000888",2,3,3,14
"E02000888",2,3,4,4
"E02000888",2,4,1,0
"E02000888",2,4,2,11
"E02000888",2,4,3,20
"E02000888",2,4,4,6
"E02000888",3,1,1,111
"E02000888",3,1,2,149
"E02000888",3,1,3,31
"E02000888",3,1,4,3
"E02000888",3,2,1,53
"E02000888",3,2,2,157
"E02000888",3,2,3,34
"E02000888",3,2,4,5
"E02000888",3,3,1,11
"E02000888",3,3,2,50
"E02000888",3,3,3,19
"E02000888",3,3,4,7
"E02000888",3,4,1,4
"E02000888",3,4,2,50
"E02000888",3,4,3,54
"E02000888",3,4,4,28
"E02000888",5,1,1,254
"E02000888",5,1,2,79
"E02000888",5,1,3,18
"E02000888",5,1,4,3
"E02000888",5,2,1,56
"E02000888",5,2,2,110
"E02000888",5,2,3,15
"E02000888",5,2,4,4
"E02000888",5,3,1,26
"E02000888",5,3,2,85
"E02000888",5,3,3,16
"E02000888",5,3,4,3
"E02000888",5,4,1,15
"E02000888",5,4,2,177
"E02000888",5,4,3,124
"E02000888",5,4,4,77
"E02000888",6,1,1,208
"E02000888",6,1,2,130
"E02000888",6,1,3,13
"E02000888",6,1,4,6
"E02000888",6,2,1,176
"E02000888",6,2,2,290
"E02000888",6,2,3,30
"E02000888",6,2,4,3
"E02000888",6,3,1,13
"E02000888",6,3,2,93
"E02000888",6,3,3,59
"E02000888",6,3,4,9
"E02000888",6,4,1,10
"E02000888",6,4,2,69
"E02000888",6,4,3,50
"E02000888",6,4,4,39
"E02000889",2,1,1,61
"E02000889",2,1,2,85
"E02000889",2,1,3,30
"E02000889",2,1,4,9
"E02000889",2,2,1,16
"E02000889",2,2,2,58
"E02000889",2,2,3,29
"E02000889",2,2,4,12
"E02000889",2,3,1,0
"E02000889",2,3,2,16
"E02000889",2,3,3,12
"E02000889",2,3,4,8
"E02000889",2,4,1,1
"E02000889",2,4,2,6
"E02000889",2,4,3,12
"E02000889",2,4,4,9
"E02000889",3,1,1,99
"E02000889",3,1,2,123
"E02000889",3,1,3,26
"E02000889",3,1,4,3
"E02000889",3,2,1,36
"E02000889",3,2,2,141
"E02000889",3,2,3,46
"E02000889",3,2,4,10
"E02000889",3,3,1,5
"E02000889",3,3,2,46
"E02000889",3,3,3,36
"E02000889",3,3,4,14
"E02000889",3,4,1,3
"E02000889",3,4,2,16
"E02000889",3,4,3,32
"E02000889",3,4,4,16
"E02000889",5,1,1,240
"E02000889",5,1,2,82
"E02000889",5,1,3,15
"E02000889",5,1,4,1
"E02000889",5,2,1,48
"E02000889",5,2,2,78
"E02000889",5,2,3,26
"E02000889",5,2,4,1
"E02000889",5,3,1,15
"E02000889",5,3,2,56
"E02000889",5,3,3,24
"E02000889",5,3,4,1
"E02000889",5,4,1,12
"E02000889",5,4,2,134
"E02000889",5,4,3,90
"E02000889",5,4,4,30
"E02000889",6,1,1,222
"E02000889",6,1,2,92
"E02000889",6,1,3,18
"E02000889",6,1,4,6
"E02000889",6,2,1,127
"E02000889",6,2,2,204
"E02000889",6,2,3,30
"E02000889",6,2,4,10
"E02000889",6,3,1,18
"E02000889",6,3,2,62
"E02000889",6,3,3,61
"E02000889",6,3,4,10
"E02000889",6,4,1,0
"E02000889",6,4,2,40
"E02000889",6,4,3,55
"E02000889",6,4,4,55
"E02000890",2,1,1,142
"E02000890",2,1,2,164
"E02000890",2,1,3,51
"E02000890",2,1,4,8
"E02000890",2,2,1,32
"E02000890",2,2,2,105
"E02000890",2,2,3,36
"E02000890",2,2,4,8
"E02000890",2,3,1,3
"E02000890",2,3,2,27
"E02000890",2,3,3,11
"E02000890",2,3,4,0
"E02000890",2,4,1,0
"E02000890",2,4,2,10
"E02000890",2,4,3,10
"E02000890",2,4,4,8
"E02000890",3,1,1,146
"E02000890",3,1,2,196
"E02000890",3,1,3,18
"E02000890",3,1,4,5
"E02000890",3,2,1,70
"E02000890",3,2,2,208
"E02000890",3,2,3,46
"E02000890",3,2,4,8
"E02000890",3,3,1,9
"E02000890",3,3,2,55
"E02000890",3,3,3,25
"E02000890",3,3,4,4
"E02000890",3,4,1,2
"E02000890",3,4,2,28
"E02000890",3,4,3,22
"E02000890",3,4,4,13
"E02000890",5,1,1,108
"E02000890",5,1,2,46
"E02000890",5,1,3,15
"E02000890",5,1,4,1
"E02000890",5,2,1,21
"E02000890",5,2,2,33
"E02000890",5,2,3,24
"E02000890",5,2,4,2
"E02000890",5,3,1,5
"E02000890",5,3,2,18
"E02000890",5,3,3,4
"E02000890",5,3,4,1
"E02000890",5,4,1,1
"E02000890",5,4,2,25
"E02000890",5,4,3,32
"E02000890",5,4,4,23
"E02000890",6,1,1,315
"E02000890",6,1,2,179
"E02000890",6,1,3,22
"E02000890",6,1,4,3
"E02000890",6,2,1,230
"E02000890",6,2,2,252
"E02000890",6,2,3,23
"E02000890",6,2,4,3
"E02000890",6,3,1,15
"E02000890",6,3,2,87
"E02000890",6,3,3,45
"E02000890",6,3,4,3
"E02000890",6,4,1,1
"E02000890",6,4,2,25
"E02000890",6,4,3,36
"E02000890",6,4,4,25
"E02000891",2,1,1,63
"E02000891",2,1,2,143
"E02000891",2,1,3,31
"E02000891",2,1,4,5
"E02000891",2,2,1,15
"E02000891",2,2,2,72
"E02000891",2,2,3,35
"E02000891",2,2,4,10
"E02000891",2,3,1,1
"E02000891",2,3,2,24
"E02000891",2,3,3,14
"E02000891",2,3,4,1
"E02000891",2,4,1,1
"E02000891",2,4,2,13
"E02000891",2,4,3,9
"E02000891",2,4,4,15
"E02000891",3,1,1,139
"E02000891",3,1,2,216
"E02000891",3,1,3,29
"E02000891",3,1,4,6
"E02000891",3,2,1,100
"E02000891",3,2,2,297
"E02000891",3,2,3,46
"E02000891",3,2,4,13
"E02000891",3,3,1,10
"E02000891",3,3,2,100
"E02000891",3,3,3,37
"E02000891",3,3,4,8
"E02000891",3,4,1,1
"E02000891",3,4,2,43
"E02000891",3,4,3,38
"E02000891",3,4,4,19
"E02000891",5,1,1,263
"E02000891",5,1,2,105
"E02000891",5,1,3,28
"E02000891",5,1,4,3
"E02000891",5,2,1,107
"E02000891",5,2,2,170
"E02000891",5,2,3,40
"E02000891",5,2,4,11
"E02000891",5,3,1,20
"E02000891",5,3,2,111
"E02000891",5,3,3,50
"E02000891",5,3,4,11
"E02000891",5,4,1,19
"E02000891",5,4,2,174
"E02000891",5,4,3,185
"E02000891",5,4,4,100
"E02000891",6,1,1,623
"E02000891",6,1,2,347
"E02000891",6,1,3,18
"E02000891",6,1,4,11
"E02000891",6,2,1,473
"E02000891",6,2,2,653
"E02000891",6,2,3,50
"E02000891",6,2,4,15
"E02000891",6,3,1,43
"E02000891",6,3,2,203
"E02000891",6,3,3,88
"E02000891",6,3,4,19
"E02000891",6,4,1,15
"E02000891",6,4,2,96
"E02000891",6,4,3,78
"E02000891",6,4,4,59
"E02000893",2,1,1,22
"E02000893",2,1,2,75
"E02000893",2,1,3,32
"E02000893",2,1,4,7
"E02000893",2,2,1,11
"E02000893",2,2,2,44
"E02000893",2,2,3,36
"E02000893",2,2,4,7
"E02000893",2,3,1,0
"E02000893",2,3,2,18
"E02000893",2,3,3,18
"E02000893",2,3,4,4
"E02000893",2,4,1,0
"E02000893",2,4,2,9
"E02000893",2,4,3,16
"E02000893",2,4,4,8
"E02000893",3,1,1,47
"E02000893",3,1,2,121
"E02000893",3,1,3,30
"E02000893",3,1,4,10
"E02000893",3,2,1,26
"E02000893",3,2,2,123
"E02000893",3,2,3,38
"E02000893",3,2,4,13
"E02000893",3,3,1,6
"E02000893",3,3,2,56
"E02000893",3,3,3,37
"E02000893",3,3,4,8
"E02000893",3,4,1,1
"E02000893",3,4,2,30
"E02000893",3,4,3,46
"E02000893",3,4,4,26
"E02000893",5,1,1,304
"E02000893",5,1,2,104
"E02000893",5,1,3,26
"E02000893",5,1,4,9
"E02000893",5,2,1,57
"E02000893",5,2,2,119
"E02000893",5,2,3,48
"E02000893",5,2,4,14
"E02000893",5,3,1,7
"E02000893",5,3,2,100
"E02000893",5,3,3,38
"E02000893",5,3,4,6
"E02000893",5,4,1,11
"E02000893",5,4,2,100
"E02000893",5,4,3,103
"E02000893",5,4,4,35
"E02000893",6,1,1,107
"E02000893",6,1,2,91
"E02000893",6,1,3,15
"E02000893",6,1,4,5
"E02000893",6,2,1,88
"E02000893",6,2,2,210
"E02000893",6,2,3,37
"E02000893",6,2,4,11
"E02000893",6,3,1,16
"E02000893",6,3,2,94
"E02000893",6,3,3,45
"E02000893",6,3,4,19
"E02000893",6,4,1,6
"E02000893",6,4,2,60
"E02000893",6,4,3,54
"E02000893",6,4,4,48
"E02000894",2,1,1,61
"E02000894",2,1,2,112
"E02000894",2,1,3,46
"E02000894",2,1,4,10
"E02000894",2,2,1,9
"E02000894",2,2,2,59
"E02000894",2,2,3,51
"E02000894",2,2,4,3
"E02000894",2,3,1,1
"E02000894",2,3,2,22
"E02000894",2,3,3,31
"E02000894",2,3,4,3
"E02000894",2,4,1,3
"E02000894",2,4,2,14
"E02000894",2,4,3,10
"E02000894",2,4,4,11
"E02000894",3,1,1,129
"E02000894",3,1,2,219
"E02000894",3,1,3,45
"E02000894",3,1,4,13
"E02000894",3,2,1,75
"E02000894",3,2,2,229
"E02000894",3,2,3,88
"E02000894",3,2,4,22
"E02000894",3,3,1,12
"E02000894",3,3,2,75
"E02000894",3,3,3,42
"E02000894",3,3,4,9
"E02000894",3,4,1,1
"E02000894",3,4,2,39
"E02000894",3,4,3,63
"E02000894",3,4,4,37
"E02000894",5,1,1,123
"E02000894",5,1,2,70
"E02000894",5,1,3,24
"E02000894",5,1,4,2
"E02000894",5,2,1,35
"E02000894",5,2,2,84
"E02000894",5,2,3,36
"E02000894",5,2,4,13
"E02000894",5,3,1,5
"E02000894",5,3,2,67
"E02000894",5,3,3,29
"E02000894",5,3,4,12
"E02000894",5,4,1,9
"E02000894",5,4,2,72
"E02000894",5,4,3,103
"E02000894",5,4,4,73
"E02000894",6,1,1,404
"E02000894",6,1,2,263
"E02000894",6,1,3,19
"E02000894",6,1,4,6
"E02000894",6,2,1,348
"E02000894",6,2,2,499
"E02000894",6,2,3,52
"E02000894",6,2,4,19
"E02000894",6,3,1,41
"E02000894",6,3,2,167
"E02000894",6,3,3,62
"E02000894",6,3,4,25
"E02000894",6,4,1,7
"E02000894",6,4,2,86
"E02000894",6,4,3,80
"E02000894",6,4,4,131
"E02006853",2,1,1,54
"E02006853",2,1,2,45
"E02006853",2,1,3,14
"E02006853",2,1,4,1
"E02006853",2,2,1,21
"E02006853",2,2,2,32
"E02006853",2,2,3,18
"E02006853",2,2,4,3
"E02006853",2,3,1,1
"E02006853",2,3,2,8
"E02006853",2,3,3,7
"E02006853",2,3,4,1
"E02006853",2,4,1,1
"E02006853",2,4,2,10
"E02006853",2,4,3,11
"E02006853",2,4,4,4
"E02006853",3,1,1,121
"E02006853",3,1,2,104
"E02006853",3,1,3,16
"E02006853",3,1,4,3
"E02006853",3,2,1,50
"E02006853",3,2,2,143
"E02006853",3,2,3,28
"E02006853",3,2,4,5
"E02006853",3,3,1,4
"E02006853",3,3,2,32
"E02006853",3,3,3,21
"E02006853",3,3,4,1
"E02006853",3,4,1,1
"E02006853",3,4,2,12
"E02006853",3,4,3,31
"E02006853",3,4,4,6
"E02006853",5,1,1,251
"E02006853",5,1,2,84
"E02006853",5,1,3,28
"E02006853",5,1,4,7
"E02006853",5,2,1,98
"E02006853",5,2,2,97
"E02006853",5,2,3,52
"E02006853",5,2,4,8
"E02006853",5,3,1,12
"E02006853",5,3,2,65
"E02006853",5,3,3,50
"E02006853",5,3,4,6
"E02006853",5,4,1,19
"E02006853",5,4,2,97
"E02006853",5,4,3,112
"E02006853",5,4,4,64
"E02006853",6,1,1,433
"E02006853",6,1,2,171
"E02006853",6,1,3,24
"E02006853",6,1,4,7
"E02006853",6,2,1,320
"E02006853",6,2,2,218
"E02006853",6,2,3,40
"E02006853",6,2,4,5
"E02006853",6,3,1,19
"E02006853",6,3,2,66
"E02006853",6,3,3,42
"E02006853",6,3,4,5
"E02006853",6,4,1,4
"E02006853",6,4,2,35
"E02006853",6,4,3,45
"E02006853",6,4,4,27
"E02006854",2,1,1,54
"E02006854",2,1,2,85
"E02006854",2,1,3,14
"E02006854",2,1,4,2
"E02006854",2,2,1,15
"E02006854",2,2,2,74
"E02006854",2,2,3,36
"E02006854",2,2,4,3
"E02006854",2,3,1,3
"E02006854",2,3,2,5
"E02006854",2,3,3,5
"E02006854",2,3,4,2
"E02006854",2,4,1,0
"E02006854",2,4,2,4
"E02006854",2,4,3,5
"E02006854",2,4,4,0
"E02006854",3,1,1,110
"E02006854",3,1,2,114
"E02006854",3,1,3,13
"E02006854",3,1,4,1
"E02006854",3,2,1,62
"E02006854",3,2,2,147
"E02006854",3,2,3,17
"E02006854",3,2,4,2
"E02006854",3,3,1,4
"E02006854",3,3,2,44
"E02006854",3,3,3,14
"E02006854",3,3,4,1
"E02006854",3,4,1,2
"E02006854",3,4,2,21
"E02006854",3,4,3,13
"E02006854",3,4,4,1
"E02006854",5,1,1,66
"E02006854",5,1,2,34
"E02006854",5,1,3,15
"E02006854",5,1,4,4
"E02006854",5,2,1,29
"E02006854",5,2,2,42
"E02006854",5,2,3,9
"E02006854",5,2,4,2
"E02006854",5,3,1,2
"E02006854",5,3,2,24
"E02006854",5,3,3,20
"E02006854",5,3,4,1
"E02006854",5,4,1,2
"E02006854",5,4,2,27
"E02006854",5,4,3,66
"E02006854",5,4,4,75
"E02006854",6,1,1,435
"E02006854",6,1,2,272
"E02006854",6,1,3,16
"E02006854",6,1,4,2
"E02006854",6,2,1,304
"E02006854",6,2,2,412
"E02006854",6,2,3,23
"E02006854",6,2,4,5
"E02006854",6,3,1,24
"E02006854",6,3,2,113
"E02006854",6,3,3,33
"E02006854",6,3,4,2
"E02006854",6,4,1,2
"E02006854",6,4,2,29
"E02006854",6,4,3,19
"E02006854",6,4,4,9
