"MSOA","Tenure","PPerBed","Composition","Count"
"E02000864",2,1,1,72
"E02000864",2,1,2,1
"E02000864",2,1,3,1
"E02000864",2,1,4,2
"E02000864",2,1,5,1
"E02000864",2,2,1,29
"E02000864",2,2,2,44
"E02000864",2,2,3,13
"E02000864",2,2,4,19
"E02000864",2,2,5,22
"E02000864",2,3,1,0
"E02000864",2,3,2,13
"E02000864",2,3,3,2
"E02000864",2,3,4,1
"E02000864",2,3,5,0
"E02000864",2,4,1,0
"E02000864",2,4,2,13
"E02000864",2,4,3,4
"E02000864",2,4,4,4
"E02000864",2,4,5,1
"E02000864",3,1,1,107
"E02000864",3,1,2,2
"E02000864",3,1,3,0
"E02000864",3,1,4,0
"E02000864",3,1,5,2
"E02000864",3,2,1,63
"E02000864",3,2,2,59
"E02000864",3,2,3,45
"E02000864",3,2,4,27
"E02000864",3,2,5,41
"E02000864",3,3,1,0
"E02000864",3,3,2,31
"E02000864",3,3,3,8
"E02000864",3,3,4,8
"E02000864",3,3,5,5
"E02000864",3,4,1,0
"E02000864",3,4,2,46
"E02000864",3,4,3,19
"E02000864",3,4,4,7
"E02000864",3,4,5,3
"E02000864",5,1,1,320
"E02000864",5,1,2,3
"E02000864",5,1,3,0
"E02000864",5,1,4,3
"E02000864",5,1,5,0
"E02000864",5,2,1,476
"E02000864",5,2,2,131
"E02000864",5,2,3,25
"E02000864",5,2,4,289
"E02000864",5,2,5,35
"E02000864",5,3,1,0
"E02000864",5,3,2,111
"E02000864",5,3,3,27
"E02000864",5,3,4,101
"E02000864",5,3,5,8
"E02000864",5,4,1,0
"E02000864",5,4,2,270
"E02000864",5,4,3,53
"E02000864",5,4,4,111
"E02000864",5,4,5,22
"E02000864",6,1,1,56
"E02000864",6,1,2,0
"E02000864",6,1,3,2
"E02000864",6,1,4,0
"E02000864",6,1,5,4
"E02000864",6,2,1,87
"E02000864",6,2,2,43
"E02000864",6,2,3,58
"E02000864",6,2,4,36
"E02000864",6,2,5,216
"E02000864",6,3,1,0
"E02000864",6,3,2,16
"E02000864",6,3,3,23
"E02000864",6,3,4,16
"E02000864",6,3,5,39
"E02000864",6,4,1,0
"E02000864",6,4,2,50
"E02000864",6,4,3,71
"E02000864",6,4,4,16
"E02000864",6,4,5,35
"E02000865",2,1,1,62
"E02000865",2,1,2,0
"E02000865",2,1,3,0
"E02000865",2,1,4,0
"E02000865",2,1,5,2
"E02000865",2,2,1,27
"E02000865",2,2,2,21
"E02000865",2,2,3,5
"E02000865",2,2,4,12
"E02000865",2,2,5,9
"E02000865",2,3,1,0
"E02000865",2,3,2,11
"E02000865",2,3,3,1
"E02000865",2,3,4,0
"E02000865",2,3,5,1
"E02000865",2,4,1,0
"E02000865",2,4,2,12
"E02000865",2,4,3,3
"E02000865",2,4,4,1
"E02000865",2,4,5,1
"E02000865",3,1,1,79
"E02000865",3,1,2,3
"E02000865",3,1,3,3
"E02000865",3,1,4,0
"E02000865",3,1,5,0
"E02000865",3,2,1,60
"E02000865",3,2,2,42
"E02000865",3,2,3,30
"E02000865",3,2,4,19
"E02000865",3,2,5,42
"E02000865",3,3,1,0
"E02000865",3,3,2,25
"E02000865",3,3,3,7
"E02000865",3,3,4,6
"E02000865",3,3,5,1
"E02000865",3,4,1,0
"E02000865",3,4,2,32
"E02000865",3,4,3,11
"E02000865",3,4,4,5
"E02000865",3,4,5,6
"E02000865",5,1,1,235
"E02000865",5,1,2,4
"E02000865",5,1,3,1
"E02000865",5,1,4,2
"E02000865",5,1,5,5
"E02000865",5,2,1,372
"E02000865",5,2,2,87
"E02000865",5,2,3,17
"E02000865",5,2,4,171
"E02000865",5,2,5,31
"E02000865",5,3,1,0
"E02000865",5,3,2,98
"E02000865",5,3,3,22
"E02000865",5,3,4,73
"E02000865",5,3,5,5
"E02000865",5,4,1,0
"E02000865",5,4,2,286
"E02000865",5,4,3,43
"E02000865",5,4,4,58
"E02000865",5,4,5,22
"E02000865",6,1,1,55
"E02000865",6,1,2,0
"E02000865",6,1,3,1
"E02000865",6,1,4,1
"E02000865",6,1,5,10
"E02000865",6,2,1,94
"E02000865",6,2,2,20
"E02000865",6,2,3,26
"E02000865",6,2,4,19
"E02000865",6,2,5,228
"E02000865",6,3,1,0
"E02000865",6,3,2,16
"E02000865",6,3,3,18
"E02000865",6,3,4,8
"E02000865",6,3,5,39
"E02000865",6,4,1,0
"E02000865",6,4,2,43
"E02000865",6,4,3,72
"E02000865",6,4,4,9
"E02000865",6,4,5,33
"E02000866",2,1,1,184
"E02000866",2,1,2,12
"E02000866",2,1,3,2
"E02000866",2,1,4,8
"E02000866",2,1,5,2
"E02000866",2,2,1,36
"E02000866",2,2,2,104
"E02000866",2,2,3,32
"E02000866",2,2,4,41
"E02000866",2,2,5,46
"E02000866",2,3,1,0
"E02000866",2,3,2,29
"E02000866",2,3,3,9
"E02000866",2,3,4,7
"E02000866",2,3,5,2
"E02000866",2,4,1,0
"E02000866",2,4,2,14
"E02000866",2,4,3,8
"E02000866",2,4,4,4
"E02000866",2,4,5,0
"E02000866",3,1,1,117
"E02000866",3,1,2,11
"E02000866",3,1,3,9
"E02000866",3,1,4,5
"E02000866",3,1,5,1
"E02000866",3,2,1,65
"E02000866",3,2,2,167
"E02000866",3,2,3,102
"E02000866",3,2,4,39
"E02000866",3,2,5,64
"E02000866",3,3,1,0
"E02000866",3,3,2,91
"E02000866",3,3,3,30
"E02000866",3,3,4,8
"E02000866",3,3,5,2
"E02000866",3,4,1,0
"E02000866",3,4,2,59
"E02000866",3,4,3,38
"E02000866",3,4,4,3
"E02000866",3,4,5,9
"E02000866",5,1,1,199
"E02000866",5,1,2,4
"E02000866",5,1,3,1
"E02000866",5,1,4,3
"E02000866",5,1,5,2
"E02000866",5,2,1,366
"E02000866",5,2,2,98
"E02000866",5,2,3,28
"E02000866",5,2,4,145
"E02000866",5,2,5,25
"E02000866",5,3,1,0
"E02000866",5,3,2,77
"E02000866",5,3,3,12
"E02000866",5,3,4,77
"E02000866",5,3,5,3
"E02000866",5,4,1,0
"E02000866",5,4,2,199
"E02000866",5,4,3,49
"E02000866",5,4,4,78
"E02000866",5,4,5,14
"E02000866",6,1,1,94
"E02000866",6,1,2,0
"E02000866",6,1,3,2
"E02000866",6,1,4,1
"E02000866",6,1,5,5
"E02000866",6,2,1,131
"E02000866",6,2,2,44
"E02000866",6,2,3,68
"E02000866",6,2,4,23
"E02000866",6,2,5,322
"E02000866",6,3,1,0
"E02000866",6,3,2,22
"E02000866",6,3,3,38
"E02000866",6,3,4,12
"E02000866",6,3,5,81
"E02000866",6,4,1,0
"E02000866",6,4,2,69
"E02000866",6,4,3,107
"E02000866",6,4,4,16
"E02000866",6,4,5,54
"E02000867",2,1,1,97
"E02000867",2,1,2,3
"E02000867",2,1,3,3
"E02000867",2,1,4,3
"E02000867",2,1,5,0
"E02000867",2,2,1,37
"E02000867",2,2,2,59
"E02000867",2,2,3,18
"E02000867",2,2,4,12
"E02000867",2,2,5,35
"E02000867",2,3,1,0
"E02000867",2,3,2,8
"E02000867",2,3,3,4
"E02000867",2,3,4,2
"E02000867",2,3,5,1
"E02000867",2,4,1,0
"E02000867",2,4,2,13
"E02000867",2,4,3,5
"E02000867",2,4,4,0
"E02000867",2,4,5,2
"E02000867",3,1,1,212
"E02000867",3,1,2,6
"E02000867",3,1,3,3
"E02000867",3,1,4,0
"E02000867",3,1,5,3
"E02000867",3,2,1,213
"E02000867",3,2,2,129
"E02000867",3,2,3,88
"E02000867",3,2,4,28
"E02000867",3,2,5,68
"E02000867",3,3,1,0
"E02000867",3,3,2,45
"E02000867",3,3,3,26
"E02000867",3,3,4,7
"E02000867",3,3,5,8
"E02000867",3,4,1,0
"E02000867",3,4,2,81
"E02000867",3,4,3,60
"E02000867",3,4,4,6
"E02000867",3,4,5,8
"E02000867",5,1,1,195
"E02000867",5,1,2,2
"E02000867",5,1,3,0
"E02000867",5,1,4,4
"E02000867",5,1,5,1
"E02000867",5,2,1,315
"E02000867",5,2,2,83
"E02000867",5,2,3,23
"E02000867",5,2,4,234
"E02000867",5,2,5,27
"E02000867",5,3,1,0
"E02000867",5,3,2,95
"E02000867",5,3,3,15
"E02000867",5,3,4,88
"E02000867",5,3,5,3
"E02000867",5,4,1,0
"E02000867",5,4,2,196
"E02000867",5,4,3,36
"E02000867",5,4,4,78
"E02000867",5,4,5,15
"E02000867",6,1,1,123
"E02000867",6,1,2,0
"E02000867",6,1,3,3
"E02000867",6,1,4,0
"E02000867",6,1,5,14
"E02000867",6,2,1,251
"E02000867",6,2,2,51
"E02000867",6,2,3,114
"E02000867",6,2,4,37
"E02000867",6,2,5,403
"E02000867",6,3,1,0
"E02000867",6,3,2,52
"E02000867",6,3,3,48
"E02000867",6,3,4,20
"E02000867",6,3,5,62
"E02000867",6,4,1,0
"E02000867",6,4,2,110
"E02000867",6,4,3,227
"E02000867",6,4,4,19
"E02000867",6,4,5,70
"E02000868",2,1,1,74
"E02000868",2,1,2,1
"E02000868",2,1,3,1
"E02000868",2,1,4,1
"E02000868",2,1,5,1
"E02000868",2,2,1,50
"E02000868",2,2,2,29
"E02000868",2,2,3,10
"E02000868",2,2,4,13
"E02000868",2,2,5,24
"E02000868",2,3,1,0
"E02000868",2,3,2,3
"E02000868",2,3,3,2
"E02000868",2,3,4,2
"E02000868",2,3,5,6
"E02000868",2,4,1,0
"E02000868",2,4,2,12
"E02000868",2,4,3,11
"E02000868",2,4,4,1
"E02000868",2,4,5,4
"E02000868",3,1,1,84
"E02000868",3,1,2,0
"E02000868",3,1,3,0
"E02000868",3,1,4,1
"E02000868",3,1,5,1
"E02000868",3,2,1,81
"E02000868",3,2,2,40
"E02000868",3,2,3,51
"E02000868",3,2,4,16
"E02000868",3,2,5,46
"E02000868",3,3,1,0
"E02000868",3,3,2,29
"E02000868",3,3,3,6
"E02000868",3,3,4,6
"E02000868",3,3,5,4
"E02000868",3,4,1,0
"E02000868",3,4,2,55
"E02000868",3,4,3,37
"E02000868",3,4,4,1
"E02000868",3,4,5,8
"E02000868",5,1,1,144
"E02000868",5,1,2,0
"E02000868",5,1,3,0
"E02000868",5,1,4,2
"E02000868",5,1,5,0
"E02000868",5,2,1,220
"E02000868",5,2,2,41
"E02000868",5,2,3,16
"E02000868",5,2,4,98
"E02000868",5,2,5,21
"E02000868",5,3,1,0
"E02000868",5,3,2,67
"E02000868",5,3,3,9
"E02000868",5,3,4,48
"E02000868",5,3,5,5
"E02000868",5,4,1,0
"E02000868",5,4,2,200
"E02000868",5,4,3,17
"E02000868",5,4,4,44
"E02000868",5,4,5,9
"E02000868",6,1,1,68
"E02000868",6,1,2,1
"E02000868",6,1,3,3
"E02000868",6,1,4,0
"E02000868",6,1,5,4
"E02000868",6,2,1,129
"E02000868",6,2,2,32
"E02000868",6,2,3,72
"E02000868",6,2,4,11
"E02000868",6,2,5,286
"E02000868",6,3,1,0
"E02000868",6,3,2,19
"E02000868",6,3,3,33
"E02000868",6,3,4,9
"E02000868",6,3,5,60
"E02000868",6,4,1,0
"E02000868",6,4,2,51
"E02000868",6,4,3,133
"E02000868",6,4,4,8
"E02000868",6,4,5,47
"E02000869",2,1,1,77
"E02000869",2,1,2,3
"E02000869",2,1,3,0
"E02000869",2,1,4,1
"E02000869",2,1,5,1
"E02000869",2,2,1,34
"E02000869",2,2,2,33
"E02000869",2,2,3,17
"E02000869",2,2,4,13
"E02000869",2,2,5,22
"E02000869",2,3,1,0
"E02000869",2,3,2,17
"E02000869",2,3,3,4
"E02000869",2,3,4,2
"E02000869",2,3,5,3
"E02000869",2,4,1,0
"E02000869",2,4,2,21
"E02000869",2,4,3,11
"E02000869",2,4,4,1
"E02000869",2,4,5,2
"E02000869",3,1,1,98
"E02000869",3,1,2,2
"E02000869",3,1,3,0
"E02000869",3,1,4,2
"E02000869",3,1,5,0
"E02000869",3,2,1,45
"E02000869",3,2,2,53
"E02000869",3,2,3,58
"E02000869",3,2,4,16
"E02000869",3,2,5,35
"E02000869",3,3,1,0
"E02000869",3,3,2,30
"E02000869",3,3,3,17
"E02000869",3,3,4,7
"E02000869",3,3,5,3
"E02000869",3,4,1,0
"E02000869",3,4,2,50
"E02000869",3,4,3,19
"E02000869",3,4,4,4
"E02000869",3,4,5,4
"E02000869",5,1,1,147
"E02000869",5,1,2,3
"E02000869",5,1,3,0
"E02000869",5,1,4,5
"E02000869",5,1,5,1
"E02000869",5,2,1,412
"E02000869",5,2,2,60
"E02000869",5,2,3,12
"E02000869",5,2,4,111
"E02000869",5,2,5,18
"E02000869",5,3,1,0
"E02000869",5,3,2,59
"E02000869",5,3,3,13
"E02000869",5,3,4,46
"E02000869",5,3,5,1
"E02000869",5,4,1,0
"E02000869",5,4,2,171
"E02000869",5,4,3,32
"E02000869",5,4,4,63
"E02000869",5,4,5,11
"E02000869",6,1,1,60
"E02000869",6,1,2,3
"E02000869",6,1,3,1
"E02000869",6,1,4,1
"E02000869",6,1,5,8
"E02000869",6,2,1,71
"E02000869",6,2,2,27
"E02000869",6,2,3,34
"E02000869",6,2,4,15
"E02000869",6,2,5,185
"E02000869",6,3,1,0
"E02000869",6,3,2,14
"E02000869",6,3,3,30
"E02000869",6,3,4,7
"E02000869",6,3,5,37
"E02000869",6,4,1,0
"E02000869",6,4,2,17
"E02000869",6,4,3,58
"E02000869",6,4,4,9
"E02000869",6,4,5,38
"E02000870",2,1,1,74
"E02000870",2,1,2,0
"E02000870",2,1,3,0
"E02000870",2,1,4,1
"E02000870",2,1,5,2
"E02000870",2,2,1,33
"E02000870",2,2,2,30
"E02000870",2,2,3,12
"E02000870",2,2,4,19
"E02000870",2,2,5,39
"E02000870",2,3,1,0
"E02000870",2,3,2,11
"E02000870",2,3,3,6
"E02000870",2,3,4,2
"E02000870",2,3,5,3
"E02000870",2,4,1,0
"E02000870",2,4,2,10
"E02000870",2,4,3,5
"E02000870",2,4,4,1
"E02000870",2,4,5,3
"E02000870",3,1,1,92
"E02000870",3,1,2,0
"E02000870",3,1,3,1
"E02000870",3,1,4,0
"E02000870",3,1,5,0
"E02000870",3,2,1,88
"E02000870",3,2,2,35
"E02000870",3,2,3,50
"E02000870",3,2,4,21
"E02000870",3,2,5,41
"E02000870",3,3,1,0
"E02000870",3,3,2,31
"E02000870",3,3,3,13
"E02000870",3,3,4,5
"E02000870",3,3,5,5
"E02000870",3,4,1,0
"E02000870",3,4,2,48
"E02000870",3,4,3,34
"E02000870",3,4,4,5
"E02000870",3,4,5,8
"E02000870",5,1,1,191
"E02000870",5,1,2,0
"E02000870",5,1,3,0
"E02000870",5,1,4,1
"E02000870",5,1,5,0
"E02000870",5,2,1,224
"E02000870",5,2,2,81
"E02000870",5,2,3,15
"E02000870",5,2,4,161
"E02000870",5,2,5,20
"E02000870",5,3,1,0
"E02000870",5,3,2,71
"E02000870",5,3,3,19
"E02000870",5,3,4,63
"E02000870",5,3,5,5
"E02000870",5,4,1,0
"E02000870",5,4,2,214
"E02000870",5,4,3,29
"E02000870",5,4,4,62
"E02000870",5,4,5,10
"E02000870",6,1,1,69
"E02000870",6,1,2,1
"E02000870",6,1,3,1
"E02000870",6,1,4,0
"E02000870",6,1,5,6
"E02000870",6,2,1,72
"E02000870",6,2,2,12
"E02000870",6,2,3,30
"E02000870",6,2,4,21
"E02000870",6,2,5,180
"E02000870",6,3,1,0
"E02000870",6,3,2,14
"E02000870",6,3,3,18
"E02000870",6,3,4,8
"E02000870",6,3,5,55
"E02000870",6,4,1,0
"E02000870",6,4,2,58
"E02000870",6,4,3,78
"E02000870",6,4,4,9
"E02000870",6,4,5,34
"E02000871",2,1,1,31
"E02000871",2,1,2,0
"E02000871",2,1,3,0
"E02000871",2,1,4,2
"E02000871",2,1,5,0
"E02000871",2,2,1,23
"E02000871",2,2,2,24
"E02000871",2,2,3,10
"E02000871",2,2,4,8
"E02000871",2,2,5,7
"E02000871",2,3,1,0
"E02000871",2,3,2,12
"E02000871",2,3,3,2
"E02000871",2,3,4,1
"E02000871",2,3,5,1
"E02000871",2,4,1,0
"E02000871",2,4,2,11
"E02000871",2,4,3,0
"E02000871",2,4,4,3
"E02000871",2,4,5,3
"E02000871",3,1,1,87
"E02000871",3,1,2,0
"E02000871",3,1,3,0
"E02000871",3,1,4,1
"E02000871",3,1,5,0
"E02000871",3,2,1,73
"E02000871",3,2,2,38
"E02000871",3,2,3,22
"E02000871",3,2,4,29
"E02000871",3,2,5,28
"E02000871",3,3,1,0
"E02000871",3,3,2,28
"E02000871",3,3,3,4
"E02000871",3,3,4,11
"E02000871",3,3,5,2
"E02000871",3,4,1,0
"E02000871",3,4,2,99
"E02000871",3,4,3,22
"E02000871",3,4,4,5
"E02000871",3,4,5,4
"E02000871",5,1,1,195
"E02000871",5,1,2,4
"E02000871",5,1,3,0
"E02000871",5,1,4,4
"E02000871",5,1,5,4
"E02000871",5,2,1,385
"E02000871",5,2,2,81
"E02000871",5,2,3,22
"E02000871",5,2,4,196
"E02000871",5,2,5,38
"E02000871",5,3,1,0
"E02000871",5,3,2,126
"E02000871",5,3,3,24
"E02000871",5,3,4,93
"E02000871",5,3,5,5
"E02000871",5,4,1,0
"E02000871",5,4,2,379
"E02000871",5,4,3,59
"E02000871",5,4,4,90
"E02000871",5,4,5,25
"E02000871",6,1,1,61
"E02000871",6,1,2,1
"E02000871",6,1,3,1
"E02000871",6,1,4,0
"E02000871",6,1,5,9
"E02000871",6,2,1,117
"E02000871",6,2,2,31
"E02000871",6,2,3,36
"E02000871",6,2,4,33
"E02000871",6,2,5,130
"E02000871",6,3,1,0
"E02000871",6,3,2,44
"E02000871",6,3,3,18
"E02000871",6,3,4,26
"E02000871",6,3,5,22
"E02000871",6,4,1,0
"E02000871",6,4,2,143
"E02000871",6,4,3,54
"E02000871",6,4,4,20
"E02000871",6,4,5,40
"E02000872",2,1,1,68
"E02000872",2,1,2,0
"E02000872",2,1,3,0
"E02000872",2,1,4,2
"E02000872",2,1,5,2
"E02000872",2,2,1,33
"E02000872",2,2,2,21
"E02000872",2,2,3,12
"E02000872",2,2,4,18
"E02000872",2,2,5,23
"E02000872",2,3,1,0
"E02000872",2,3,2,4
"E02000872",2,3,3,3
"E02000872",2,3,4,2
"E02000872",2,3,5,2
"E02000872",2,4,1,0
"E02000872",2,4,2,20
"E02000872",2,4,3,5
"E02000872",2,4,4,3
"E02000872",2,4,5,7
"E02000872",3,1,1,114
"E02000872",3,1,2,1
"E02000872",3,1,3,0
"E02000872",3,1,4,1
"E02000872",3,1,5,2
"E02000872",3,2,1,65
"E02000872",3,2,2,41
"E02000872",3,2,3,43
"E02000872",3,2,4,8
"E02000872",3,2,5,65
"E02000872",3,3,1,0
"E02000872",3,3,2,30
"E02000872",3,3,3,16
"E02000872",3,3,4,3
"E02000872",3,3,5,4
"E02000872",3,4,1,0
"E02000872",3,4,2,54
"E02000872",3,4,3,25
"E02000872",3,4,4,6
"E02000872",3,4,5,6
"E02000872",5,1,1,166
"E02000872",5,1,2,2
"E02000872",5,1,3,0
"E02000872",5,1,4,1
"E02000872",5,1,5,1
"E02000872",5,2,1,334
"E02000872",5,2,2,56
"E02000872",5,2,3,16
"E02000872",5,2,4,131
"E02000872",5,2,5,23
"E02000872",5,3,1,0
"E02000872",5,3,2,66
"E02000872",5,3,3,11
"E02000872",5,3,4,69
"E02000872",5,3,5,4
"E02000872",5,4,1,0
"E02000872",5,4,2,256
"E02000872",5,4,3,33
"E02000872",5,4,4,77
"E02000872",5,4,5,7
"E02000872",6,1,1,94
"E02000872",6,1,2,0
"E02000872",6,1,3,0
"E02000872",6,1,4,0
"E02000872",6,1,5,6
"E02000872",6,2,1,175
"E02000872",6,2,2,26
"E02000872",6,2,3,50
"E02000872",6,2,4,18
"E02000872",6,2,5,381
"E02000872",6,3,1,0
"E02000872",6,3,2,14
"E02000872",6,3,3,35
"E02000872",6,3,4,8
"E02000872",6,3,5,60
"E02000872",6,4,1,0
"E02000872",6,4,2,56
"E02000872",6,4,3,120
"E02000872",6,4,4,9
"E02000872",6,4,5,74
"E02000873",2,1,1,75
"E02000873",2,1,2,2
"E02000873",2,1,3,0
"E02000873",2,1,4,2
"E02000873",2,1,5,2
"E02000873",2,2,1,23
"E02000873",2,2,2,30
"E02000873",2,2,3,10
"E02000873",2,2,4,14
"E02000873",2,2,5,20
"E02000873",2,3,1,0
"E02000873",2,3,2,16
"E02000873",2,3,3,3
"E02000873",2,3,4,3
"E02000873",2,3,5,1
"E02000873",2,4,1,0
"E02000873",2,4,2,16
"E02000873",2,4,3,2
"E02000873",2,4,4,3
"E02000873",2,4,5,2
"E02000873",3,1,1,105
"E02000873",3,1,2,2
"E02000873",3,1,3,0
"E02000873",3,1,4,1
"E02000873",3,1,5,0
"E02000873",3,2,1,45
"E02000873",3,2,2,53
"E02000873",3,2,3,61
"E02000873",3,2,4,23
"E02000873",3,2,5,58
"E02000873",3,3,1,0
"E02000873",3,3,2,33
"E02000873",3,3,3,12
"E02000873",3,3,4,7
"E02000873",3,3,5,3
"E02000873",3,4,1,0
"E02000873",3,4,2,71
"E02000873",3,4,3,21
"E02000873",3,4,4,5
"E02000873",3,4,5,3
"E02000873",5,1,1,179
"E02000873",5,1,2,3
"E02000873",5,1,3,0
"E02000873",5,1,4,7
"E02000873",5,1,5,3
"E02000873",5,2,1,297
"E02000873",5,2,2,54
"E02000873",5,2,3,15
"E02000873",5,2,4,116
"E02000873",5,2,5,40
"E02000873",5,3,1,0
"E02000873",5,3,2,70
"E02000873",5,3,3,12
"E02000873",5,3,4,72
"E02000873",5,3,5,5
"E02000873",5,4,1,0
"E02000873",5,4,2,309
"E02000873",5,4,3,41
"E02000873",5,4,4,60
"E02000873",5,4,5,12
"E02000873",6,1,1,83
"E02000873",6,1,2,2
"E02000873",6,1,3,1
"E02000873",6,1,4,0
"E02000873",6,1,5,26
"E02000873",6,2,1,84
"E02000873",6,2,2,29
"E02000873",6,2,3,43
"E02000873",6,2,4,13
"E02000873",6,2,5,232
"E02000873",6,3,1,0
"E02000873",6,3,2,19
"E02000873",6,3,3,26
"E02000873",6,3,4,10
"E02000873",6,3,5,47
"E02000873",6,4,1,0
"E02000873",6,4,2,68
"E02000873",6,4,3,39
"E02000873",6,4,4,11
"E02000873",6,4,5,37
"E02000874",2,1,1,39
"E02000874",2,1,2,0
"E02000874",2,1,3,0
"E02000874",2,1,4,1
"E02000874",2,1,5,0
"E02000874",2,2,1,33
"E02000874",2,2,2,21
"E02000874",2,2,3,4
"E02000874",2,2,4,7
"E02000874",2,2,5,8
"E02000874",2,3,1,0
"E02000874",2,3,2,12
"E02000874",2,3,3,6
"E02000874",2,3,4,4
"E02000874",2,3,5,3
"E02000874",2,4,1,0
"E02000874",2,4,2,18
"E02000874",2,4,3,3
"E02000874",2,4,4,4
"E02000874",2,4,5,1
"E02000874",3,1,1,53
"E02000874",3,1,2,1
"E02000874",3,1,3,0
"E02000874",3,1,4,0
"E02000874",3,1,5,1
"E02000874",3,2,1,38
"E02000874",3,2,2,29
"E02000874",3,2,3,24
"E02000874",3,2,4,10
"E02000874",3,2,5,25
"E02000874",3,3,1,0
"E02000874",3,3,2,33
"E02000874",3,3,3,3
"E02000874",3,3,4,2
"E02000874",3,3,5,0
"E02000874",3,4,1,0
"E02000874",3,4,2,83
"E02000874",3,4,3,11
"E02000874",3,4,4,6
"E02000874",3,4,5,6
"E02000874",5,1,1,154
"E02000874",5,1,2,0
"E02000874",5,1,3,0
"E02000874",5,1,4,2
"E02000874",5,1,5,0
"E02000874",5,2,1,360
"E02000874",5,2,2,52
"E02000874",5,2,3,9
"E02000874",5,2,4,124
"E02000874",5,2,5,18
"E02000874",5,3,1,0
"E02000874",5,3,2,81
"E02000874",5,3,3,10
"E02000874",5,3,4,68
"E02000874",5,3,5,3
"E02000874",5,4,1,0
"E02000874",5,4,2,317
"E02000874",5,4,3,40
"E02000874",5,4,4,80
"E02000874",5,4,5,10
"E02000874",6,1,1,53
"E02000874",6,1,2,0
"E02000874",6,1,3,1
"E02000874",6,1,4,0
"E02000874",6,1,5,5
"E02000874",6,2,1,139
"E02000874",6,2,2,19
"E02000874",6,2,3,17
"E02000874",6,2,4,17
"E02000874",6,2,5,150
"E02000874",6,3,1,0
"E02000874",6,3,2,27
"E02000874",6,3,3,15
"E02000874",6,3,4,7
"E02000874",6,3,5,51
"E02000874",6,4,1,0
"E02000874",6,4,2,71
"E02000874",6,4,3,55
"E02000874",6,4,4,11
"E02000874",6,4,5,39
"E02000875",2,1,1,52
"E02000875",2,1,2,3
"E02000875",2,1,3,1
"E02000875",2,1,4,1
"E02000875",2,1,5,0
"E02000875",2,2,1,19
"E02000875",2,2,2,19
"E02000875",2,2,3,8
"E02000875",2,2,4,11
"E02000875",2,2,5,8
"E02000875",2,3,1,0
"E02000875",2,3,2,17
"E02000875",2,3,3,6
"E02000875",2,3,4,3
"E02000875",2,3,5,2
"E02000875",2,4,1,0
"E02000875",2,4,2,9
"E02000875",2,4,3,0
"E02000875",2,4,4,1
"E02000875",2,4,5,0
"E02000875",3,1,1,94
"E02000875",3,1,2,1
"E02000875",3,1,3,0
"E02000875",3,1,4,2
"E02000875",3,1,5,2
"E02000875",3,2,1,84
"E02000875",3,2,2,36
"E02000875",3,2,3,31
"E02000875",3,2,4,23
"E02000875",3,2,5,29
"E02000875",3,3,1,0
"E02000875",3,3,2,28
"E02000875",3,3,3,6
"E02000875",3,3,4,8
"E02000875",3,3,5,1
"E02000875",3,4,1,0
"E02000875",3,4,2,71
"E02000875",3,4,3,16
"E02000875",3,4,4,4
"E02000875",3,4,5,9
"E02000875",5,1,1,224
"E02000875",5,1,2,1
"E02000875",5,1,3,0
"E02000875",5,1,4,8
"E02000875",5,1,5,0
"E02000875",5,2,1,416
"E02000875",5,2,2,82
"E02000875",5,2,3,20
"E02000875",5,2,4,213
"E02000875",5,2,5,26
"E02000875",5,3,1,0
"E02000875",5,3,2,121
"E02000875",5,3,3,11
"E02000875",5,3,4,100
"E02000875",5,3,5,4
"E02000875",5,4,1,0
"E02000875",5,4,2,441
"E02000875",5,4,3,58
"E02000875",5,4,4,108
"E02000875",5,4,5,24
"E02000875",6,1,1,50
"E02000875",6,1,2,3
"E02000875",6,1,3,1
"E02000875",6,1,4,0
"E02000875",6,1,5,2
"E02000875",6,2,1,140
"E02000875",6,2,2,31
"E02000875",6,2,3,35
"E02000875",6,2,4,40
"E02000875",6,2,5,230
"E02000875",6,3,1,0
"E02000875",6,3,2,38
"E02000875",6,3,3,23
"E02000875",6,3,4,22
"E02000875",6,3,5,48
"E02000875",6,4,1,0
"E02000875",6,4,2,146
"E02000875",6,4,3,78
"E02000875",6,4,4,37
"E02000875",6,4,5,51
"E02000876",2,1,1,62
"E02000876",2,1,2,1
"E02000876",2,1,3,0
"E02000876",2,1,4,0
"E02000876",2,1,5,1
"E02000876",2,2,1,52
"E02000876",2,2,2,28
"E02000876",2,2,3,8
"E02000876",2,2,4,6
"E02000876",2,2,5,13
"E02000876",2,3,1,0
"E02000876",2,3,2,13
"E02000876",2,3,3,1
"E02000876",2,3,4,1
"E02000876",2,3,5,0
"E02000876",2,4,1,0
"E02000876",2,4,2,19
"E02000876",2,4,3,12
"E02000876",2,4,4,1
"E02000876",2,4,5,1
"E02000876",3,1,1,82
"E02000876",3,1,2,1
"E02000876",3,1,3,0
"E02000876",3,1,4,0
"E02000876",3,1,5,0
"E02000876",3,2,1,108
"E02000876",3,2,2,42
"E02000876",3,2,3,33
"E02000876",3,2,4,9
"E02000876",3,2,5,30
"E02000876",3,3,1,0
"E02000876",3,3,2,25
"E02000876",3,3,3,9
"E02000876",3,3,4,5
"E02000876",3,3,5,4
"E02000876",3,4,1,0
"E02000876",3,4,2,79
"E02000876",3,4,3,21
"E02000876",3,4,4,8
"E02000876",3,4,5,5
"E02000876",5,1,1,79
"E02000876",5,1,2,2
"E02000876",5,1,3,0
"E02000876",5,1,4,5
"E02000876",5,1,5,0
"E02000876",5,2,1,382
"E02000876",5,2,2,33
"E02000876",5,2,3,7
"E02000876",5,2,4,59
"E02000876",5,2,5,8
"E02000876",5,3,1,0
"E02000876",5,3,2,70
"E02000876",5,3,3,2
"E02000876",5,3,4,40
"E02000876",5,3,5,3
"E02000876",5,4,1,0
"E02000876",5,4,2,246
"E02000876",5,4,3,25
"E02000876",5,4,4,60
"E02000876",5,4,5,8
"E02000876",6,1,1,69
"E02000876",6,1,2,2
"E02000876",6,1,3,1
"E02000876",6,1,4,1
"E02000876",6,1,5,9
"E02000876",6,2,1,184
"E02000876",6,2,2,26
"E02000876",6,2,3,46
"E02000876",6,2,4,16
"E02000876",6,2,5,263
"E02000876",6,3,1,0
"E02000876",6,3,2,29
"E02000876",6,3,3,28
"E02000876",6,3,4,15
"E02000876",6,3,5,58
"E02000876",6,4,1,0
"E02000876",6,4,2,100
"E02000876",6,4,3,118
"E02000876",6,4,4,14
"E02000876",6,4,5,62
"E02000877",2,1,1,65
"E02000877",2,1,2,2
"E02000877",2,1,3,0
"E02000877",2,1,4,1
"E02000877",2,1,5,0
"E02000877",2,2,1,14
"E02000877",2,2,2,40
"E02000877",2,2,3,5
"E02000877",2,2,4,10
"E02000877",2,2,5,14
"E02000877",2,3,1,0
"E02000877",2,3,2,6
"E02000877",2,3,3,2
"E02000877",2,3,4,3
"E02000877",2,3,5,3
"E02000877",2,4,1,0
"E02000877",2,4,2,19
"E02000877",2,4,3,4
"E02000877",2,4,4,2
"E02000877",2,4,5,3
"E02000877",3,1,1,85
"E02000877",3,1,2,4
"E02000877",3,1,3,0
"E02000877",3,1,4,3
"E02000877",3,1,5,1
"E02000877",3,2,1,40
"E02000877",3,2,2,52
"E02000877",3,2,3,33
"E02000877",3,2,4,24
"E02000877",3,2,5,34
"E02000877",3,3,1,0
"E02000877",3,3,2,43
"E02000877",3,3,3,11
"E02000877",3,3,4,8
"E02000877",3,3,5,1
"E02000877",3,4,1,0
"E02000877",3,4,2,81
"E02000877",3,4,3,12
"E02000877",3,4,4,10
"E02000877",3,4,5,5
"E02000877",5,1,1,239
"E02000877",5,1,2,2
"E02000877",5,1,3,0
"E02000877",5,1,4,5
"E02000877",5,1,5,5
"E02000877",5,2,1,307
"E02000877",5,2,2,69
"E02000877",5,2,3,22
"E02000877",5,2,4,201
"E02000877",5,2,5,36
"E02000877",5,3,1,0
"E02000877",5,3,2,98
"E02000877",5,3,3,15
"E02000877",5,3,4,105
"E02000877",5,3,5,7
"E02000877",5,4,1,0
"E02000877",5,4,2,475
"E02000877",5,4,3,57
"E02000877",5,4,4,83
"E02000877",5,4,5,23
"E02000877",6,1,1,76
"E02000877",6,1,2,0
"E02000877",6,1,3,0
"E02000877",6,1,4,2
"E02000877",6,1,5,13
"E02000877",6,2,1,52
"E02000877",6,2,2,36
"E02000877",6,2,3,43
"E02000877",6,2,4,32
"E02000877",6,2,5,227
"E02000877",6,3,1,0
"E02000877",6,3,2,32
"E02000877",6,3,3,26
"E02000877",6,3,4,21
"E02000877",6,3,5,74
"E02000877",6,4,1,0
"E02000877",6,4,2,115
"E02000877",6,4,3,45
"E02000877",6,4,4,27
"E02000877",6,4,5,42
"E02000878",2,1,1,118
"E02000878",2,1,2,8
"E02000878",2,1,3,1
"E02000878",2,1,4,2
"E02000878",2,1,5,0
"E02000878",2,2,1,54
"E02000878",2,2,2,42
"E02000878",2,2,3,24
"E02000878",2,2,4,13
"E02000878",2,2,5,28
"E02000878",2,3,1,0
"E02000878",2,3,2,27
"E02000878",2,3,3,3
"E02000878",2,3,4,3
"E02000878",2,3,5,0
"E02000878",2,4,1,0
"E02000878",2,4,2,34
"E02000878",2,4,3,11
"E02000878",2,4,4,4
"E02000878",2,4,5,5
"E02000878",3,1,1,132
"E02000878",3,1,2,2
"E02000878",3,1,3,1
"E02000878",3,1,4,2
"E02000878",3,1,5,3
"E02000878",3,2,1,135
"E02000878",3,2,2,79
"E02000878",3,2,3,45
"E02000878",3,2,4,21
"E02000878",3,2,5,45
"E02000878",3,3,1,0
"E02000878",3,3,2,50
"E02000878",3,3,3,6
"E02000878",3,3,4,5
"E02000878",3,3,5,4
"E02000878",3,4,1,0
"E02000878",3,4,2,112
"E02000878",3,4,3,18
"E02000878",3,4,4,12
"E02000878",3,4,5,3
"E02000878",5,1,1,95
"E02000878",5,1,2,3
"E02000878",5,1,3,0
"E02000878",5,1,4,7
"E02000878",5,1,5,2
"E02000878",5,2,1,441
"E02000878",5,2,2,46
"E02000878",5,2,3,8
"E02000878",5,2,4,83
"E02000878",5,2,5,18
"E02000878",5,3,1,0
"E02000878",5,3,2,79
"E02000878",5,3,3,8
"E02000878",5,3,4,37
"E02000878",5,3,5,4
"E02000878",5,4,1,0
"E02000878",5,4,2,305
"E02000878",5,4,3,27
"E02000878",5,4,4,64
"E02000878",5,4,5,17
"E02000878",6,1,1,154
"E02000878",6,1,2,1
"E02000878",6,1,3,2
"E02000878",6,1,4,1
"E02000878",6,1,5,18
"E02000878",6,2,1,338
"E02000878",6,2,2,43
"E02000878",6,2,3,94
"E02000878",6,2,4,12
"E02000878",6,2,5,409
"E02000878",6,3,1,0
"E02000878",6,3,2,24
"E02000878",6,3,3,28
"E02000878",6,3,4,5
"E02000878",6,3,5,66
"E02000878",6,4,1,0
"E02000878",6,4,2,100
"E02000878",6,4,3,167
"E02000878",6,4,4,12
"E02000878",6,4,5,130
"E02000879",2,1,1,85
"E02000879",2,1,2,5
"E02000879",2,1,3,1
"E02000879",2,1,4,2
"E02000879",2,1,5,0
"E02000879",2,2,1,47
"E02000879",2,2,2,49
"E02000879",2,2,3,16
"E02000879",2,2,4,16
"E02000879",2,2,5,7
"E02000879",2,3,1,0
"E02000879",2,3,2,18
"E02000879",2,3,3,3
"E02000879",2,3,4,2
"E02000879",2,3,5,1
"E02000879",2,4,1,0
"E02000879",2,4,2,19
"E02000879",2,4,3,3
"E02000879",2,4,4,1
"E02000879",2,4,5,3
"E02000879",3,1,1,100
"E02000879",3,1,2,0
"E02000879",3,1,3,0
"E02000879",3,1,4,0
"E02000879",3,1,5,1
"E02000879",3,2,1,53
"E02000879",3,2,2,51
"E02000879",3,2,3,32
"E02000879",3,2,4,20
"E02000879",3,2,5,28
"E02000879",3,3,1,0
"E02000879",3,3,2,30
"E02000879",3,3,3,9
"E02000879",3,3,4,6
"E02000879",3,3,5,3
"E02000879",3,4,1,0
"E02000879",3,4,2,89
"E02000879",3,4,3,24
"E02000879",3,4,4,5
"E02000879",3,4,5,8
"E02000879",5,1,1,176
"E02000879",5,1,2,0
"E02000879",5,1,3,0
"E02000879",5,1,4,2
"E02000879",5,1,5,0
"E02000879",5,2,1,369
"E02000879",5,2,2,86
"E02000879",5,2,3,10
"E02000879",5,2,4,126
"E02000879",5,2,5,30
"E02000879",5,3,1,0
"E02000879",5,3,2,72
"E02000879",5,3,3,6
"E02000879",5,3,4,54
"E02000879",5,3,5,4
"E02000879",5,4,1,0
"E02000879",5,4,2,276
"E02000879",5,4,3,29
"E02000879",5,4,4,56
"E02000879",5,4,5,18
"E02000879",6,1,1,53
"E02000879",6,1,2,1
"E02000879",6,1,3,5
"E02000879",6,1,4,0
"E02000879",6,1,5,8
"E02000879",6,2,1,147
"E02000879",6,2,2,23
"E02000879",6,2,3,23
"E02000879",6,2,4,16
"E02000879",6,2,5,188
"E02000879",6,3,1,0
"E02000879",6,3,2,25
"E02000879",6,3,3,13
"E02000879",6,3,4,14
"E02000879",6,3,5,50
"E02000879",6,4,1,0
"E02000879",6,4,2,96
"E02000879",6,4,3,82
"E02000879",6,4,4,14
"E02000879",6,4,5,46
"E02000880",2,1,1,53
"E02000880",2,1,2,3
"E02000880",2,1,3,0
"E02000880",2,1,4,1
"E02000880",2,1,5,0
"E02000880",2,2,1,23
"E02000880",2,2,2,23
"E02000880",2,2,3,5
"E02000880",2,2,4,11
"E02000880",2,2,5,9
"E02000880",2,3,1,0
"E02000880",2,3,2,8
"E02000880",2,3,3,1
"E02000880",2,3,4,2
"E02000880",2,3,5,3
"E02000880",2,4,1,0
"E02000880",2,4,2,17
"E02000880",2,4,3,4
"E02000880",2,4,4,2
"E02000880",2,4,5,2
"E02000880",3,1,1,65
"E02000880",3,1,2,2
"E02000880",3,1,3,0
"E02000880",3,1,4,1
"E02000880",3,1,5,2
"E02000880",3,2,1,56
"E02000880",3,2,2,30
"E02000880",3,2,3,18
"E02000880",3,2,4,14
"E02000880",3,2,5,33
"E02000880",3,3,1,0
"E02000880",3,3,2,27
"E02000880",3,3,3,7
"E02000880",3,3,4,6
"E02000880",3,3,5,3
"E02000880",3,4,1,0
"E02000880",3,4,2,73
"E02000880",3,4,3,20
"E02000880",3,4,4,5
"E02000880",3,4,5,8
"E02000880",5,1,1,138
"E02000880",5,1,2,2
"E02000880",5,1,3,0
"E02000880",5,1,4,4
"E02000880",5,1,5,0
"E02000880",5,2,1,240
"E02000880",5,2,2,33
"E02000880",5,2,3,4
"E02000880",5,2,4,64
"E02000880",5,2,5,17
"E02000880",5,3,1,0
"E02000880",5,3,2,56
"E02000880",5,3,3,6
"E02000880",5,3,4,43
"E02000880",5,3,5,0
"E02000880",5,4,1,0
"E02000880",5,4,2,220
"E02000880",5,4,3,24
"E02000880",5,4,4,48
"E02000880",5,4,5,9
"E02000880",6,1,1,47
"E02000880",6,1,2,2
"E02000880",6,1,3,1
"E02000880",6,1,4,0
"E02000880",6,1,5,2
"E02000880",6,2,1,100
"E02000880",6,2,2,11
"E02000880",6,2,3,26
"E02000880",6,2,4,8
"E02000880",6,2,5,161
"E02000880",6,3,1,0
"E02000880",6,3,2,30
"E02000880",6,3,3,19
"E02000880",6,3,4,16
"E02000880",6,3,5,52
"E02000880",6,4,1,0
"E02000880",6,4,2,75
"E02000880",6,4,3,50
"E02000880",6,4,4,11
"E02000880",6,4,5,34
"E02000881",2,1,1,73
"E02000881",2,1,2,1
"E02000881",2,1,3,0
"E02000881",2,1,4,2
"E02000881",2,1,5,0
"E02000881",2,2,1,18
"E02000881",2,2,2,30
"E02000881",2,2,3,4
"E02000881",2,2,4,14
"E02000881",2,2,5,17
"E02000881",2,3,1,0
"E02000881",2,3,2,14
"E02000881",2,3,3,2
"E02000881",2,3,4,2
"E02000881",2,3,5,0
"E02000881",2,4,1,0
"E02000881",2,4,2,13
"E02000881",2,4,3,2
"E02000881",2,4,4,3
"E02000881",2,4,5,2
"E02000881",3,1,1,90
"E02000881",3,1,2,1
"E02000881",3,1,3,2
"E02000881",3,1,4,1
"E02000881",3,1,5,0
"E02000881",3,2,1,65
"E02000881",3,2,2,54
"E02000881",3,2,3,37
"E02000881",3,2,4,18
"E02000881",3,2,5,19
"E02000881",3,3,1,0
"E02000881",3,3,2,36
"E02000881",3,3,3,3
"E02000881",3,3,4,5
"E02000881",3,3,5,2
"E02000881",3,4,1,0
"E02000881",3,4,2,65
"E02000881",3,4,3,19
"E02000881",3,4,4,7
"E02000881",3,4,5,3
"E02000881",5,1,1,150
"E02000881",5,1,2,3
"E02000881",5,1,3,1
"E02000881",5,1,4,5
"E02000881",5,1,5,2
"E02000881",5,2,1,223
"E02000881",5,2,2,55
"E02000881",5,2,3,16
"E02000881",5,2,4,172
"E02000881",5,2,5,14
"E02000881",5,3,1,0
"E02000881",5,3,2,98
"E02000881",5,3,3,27
"E02000881",5,3,4,93
"E02000881",5,3,5,4
"E02000881",5,4,1,0
"E02000881",5,4,2,295
"E02000881",5,4,3,43
"E02000881",5,4,4,83
"E02000881",5,4,5,7
"E02000881",6,1,1,29
"E02000881",6,1,2,0
"E02000881",6,1,3,1
"E02000881",6,1,4,0
"E02000881",6,1,5,1
"E02000881",6,2,1,75
"E02000881",6,2,2,11
"E02000881",6,2,3,18
"E02000881",6,2,4,35
"E02000881",6,2,5,54
"E02000881",6,3,1,0
"E02000881",6,3,2,30
"E02000881",6,3,3,19
"E02000881",6,3,4,22
"E02000881",6,3,5,23
"E02000881",6,4,1,0
"E02000881",6,4,2,82
"E02000881",6,4,3,21
"E02000881",6,4,4,24
"E02000881",6,4,5,19
"E02000882",2,1,1,58
"E02000882",2,1,2,1
"E02000882",2,1,3,1
"E02000882",2,1,4,1
"E02000882",2,1,5,0
"E02000882",2,2,1,10
"E02000882",2,2,2,25
"E02000882",2,2,3,2
"E02000882",2,2,4,9
"E02000882",2,2,5,6
"E02000882",2,3,1,0
"E02000882",2,3,2,6
"E02000882",2,3,3,0
"E02000882",2,3,4,3
"E02000882",2,3,5,2
"E02000882",2,4,1,0
"E02000882",2,4,2,12
"E02000882",2,4,3,3
"E02000882",2,4,4,1
"E02000882",2,4,5,0
"E02000882",3,1,1,103
"E02000882",3,1,2,2
"E02000882",3,1,3,1
"E02000882",3,1,4,1
"E02000882",3,1,5,0
"E02000882",3,2,1,108
"E02000882",3,2,2,55
"E02000882",3,2,3,54
"E02000882",3,2,4,11
"E02000882",3,2,5,38
"E02000882",3,3,1,0
"E02000882",3,3,2,49
"E02000882",3,3,3,17
"E02000882",3,3,4,5
"E02000882",3,3,5,9
"E02000882",3,4,1,0
"E02000882",3,4,2,69
"E02000882",3,4,3,21
"E02000882",3,4,4,4
"E02000882",3,4,5,4
"E02000882",5,1,1,196
"E02000882",5,1,2,2
"E02000882",5,1,3,0
"E02000882",5,1,4,6
"E02000882",5,1,5,2
"E02000882",5,2,1,329
"E02000882",5,2,2,103
"E02000882",5,2,3,38
"E02000882",5,2,4,172
"E02000882",5,2,5,37
"E02000882",5,3,1,0
"E02000882",5,3,2,125
"E02000882",5,3,3,21
"E02000882",5,3,4,85
"E02000882",5,3,5,9
"E02000882",5,4,1,0
"E02000882",5,4,2,492
"E02000882",5,4,3,57
"E02000882",5,4,4,96
"E02000882",5,4,5,15
"E02000882",6,1,1,35
"E02000882",6,1,2,0
"E02000882",6,1,3,2
"E02000882",6,1,4,0
"E02000882",6,1,5,4
"E02000882",6,2,1,47
"E02000882",6,2,2,16
"E02000882",6,2,3,20
"E02000882",6,2,4,15
"E02000882",6,2,5,78
"E02000882",6,3,1,0
"E02000882",6,3,2,25
"E02000882",6,3,3,8
"E02000882",6,3,4,14
"E02000882",6,3,5,17
"E02000882",6,4,1,0
"E02000882",6,4,2,76
"E02000882",6,4,3,26
"E02000882",6,4,4,13
"E02000882",6,4,5,12
"E02000883",2,1,1,70
"E02000883",2,1,2,1
"E02000883",2,1,3,0
"E02000883",2,1,4,2
"E02000883",2,1,5,4
"E02000883",2,2,1,7
"E02000883",2,2,2,32
"E02000883",2,2,3,5
"E02000883",2,2,4,17
"E02000883",2,2,5,13
"E02000883",2,3,1,0
"E02000883",2,3,2,7
"E02000883",2,3,3,1
"E02000883",2,3,4,1
"E02000883",2,3,5,1
"E02000883",2,4,1,0
"E02000883",2,4,2,13
"E02000883",2,4,3,1
"E02000883",2,4,4,2
"E02000883",2,4,5,1
"E02000883",3,1,1,78
"E02000883",3,1,2,1
"E02000883",3,1,3,0
"E02000883",3,1,4,1
"E02000883",3,1,5,1
"E02000883",3,2,1,26
"E02000883",3,2,2,32
"E02000883",3,2,3,19
"E02000883",3,2,4,16
"E02000883",3,2,5,18
"E02000883",3,3,1,0
"E02000883",3,3,2,25
"E02000883",3,3,3,4
"E02000883",3,3,4,8
"E02000883",3,3,5,0
"E02000883",3,4,1,0
"E02000883",3,4,2,66
"E02000883",3,4,3,14
"E02000883",3,4,4,9
"E02000883",3,4,5,3
"E02000883",5,1,1,291
"E02000883",5,1,2,4
"E02000883",5,1,3,1
"E02000883",5,1,4,9
"E02000883",5,1,5,5
"E02000883",5,2,1,298
"E02000883",5,2,2,93
"E02000883",5,2,3,26
"E02000883",5,2,4,238
"E02000883",5,2,5,38
"E02000883",5,3,1,0
"E02000883",5,3,2,107
"E02000883",5,3,3,29
"E02000883",5,3,4,102
"E02000883",5,3,5,4
"E02000883",5,4,1,0
"E02000883",5,4,2,328
"E02000883",5,4,3,40
"E02000883",5,4,4,110
"E02000883",5,4,5,8
"E02000883",6,1,1,84
"E02000883",6,1,2,1
"E02000883",6,1,3,0
"E02000883",6,1,4,1
"E02000883",6,1,5,2
"E02000883",6,2,1,70
"E02000883",6,2,2,34
"E02000883",6,2,3,22
"E02000883",6,2,4,49
"E02000883",6,2,5,79
"E02000883",6,3,1,0
"E02000883",6,3,2,41
"E02000883",6,3,3,15
"E02000883",6,3,4,26
"E02000883",6,3,5,23
"E02000883",6,4,1,0
"E02000883",6,4,2,111
"E02000883",6,4,3,29
"E02000883",6,4,4,25
"E02000883",6,4,5,38
"E02000884",2,1,1,73
"E02000884",2,1,2,2
"E02000884",2,1,3,0
"E02000884",2,1,4,0
"E02000884",2,1,5,0
"E02000884",2,2,1,48
"E02000884",2,2,2,23
"E02000884",2,2,3,9
"E02000884",2,2,4,16
"E02000884",2,2,5,16
"E02000884",2,3,1,0
"E02000884",2,3,2,16
"E02000884",2,3,3,0
"E02000884",2,3,4,2
"E02000884",2,3,5,2
"E02000884",2,4,1,0
"E02000884",2,4,2,29
"E02000884",2,4,3,6
"E02000884",2,4,4,6
"E02000884",2,4,5,6
"E02000884",3,1,1,130
"E02000884",3,1,2,2
"E02000884",3,1,3,0
"E02000884",3,1,4,0
"E02000884",3,1,5,4
"E02000884",3,2,1,95
"E02000884",3,2,2,61
"E02000884",3,2,3,49
"E02000884",3,2,4,10
"E02000884",3,2,5,49
"E02000884",3,3,1,0
"E02000884",3,3,2,23
"E02000884",3,3,3,13
"E02000884",3,3,4,2
"E02000884",3,3,5,2
"E02000884",3,4,1,0
"E02000884",3,4,2,55
"E02000884",3,4,3,21
"E02000884",3,4,4,3
"E02000884",3,4,5,3
"E02000884",5,1,1,74
"E02000884",5,1,2,1
"E02000884",5,1,3,1
"E02000884",5,1,4,4
"E02000884",5,1,5,1
"E02000884",5,2,1,305
"E02000884",5,2,2,39
"E02000884",5,2,3,6
"E02000884",5,2,4,75
"E02000884",5,2,5,20
"E02000884",5,3,1,0
"E02000884",5,3,2,100
"E02000884",5,3,3,8
"E02000884",5,3,4,45
"E02000884",5,3,5,2
"E02000884",5,4,1,0
"E02000884",5,4,2,237
"E02000884",5,4,3,23
"E02000884",5,4,4,49
"E02000884",5,4,5,8
"E02000884",6,1,1,159
"E02000884",6,1,2,2
"E02000884",6,1,3,0
"E02000884",6,1,4,0
"E02000884",6,1,5,6
"E02000884",6,2,1,389
"E02000884",6,2,2,51
"E02000884",6,2,3,92
"E02000884",6,2,4,22
"E02000884",6,2,5,502
"E02000884",6,3,1,0
"E02000884",6,3,2,29
"E02000884",6,3,3,42
"E02000884",6,3,4,11
"E02000884",6,3,5,113
"E02000884",6,4,1,0
"E02000884",6,4,2,160
"E02000884",6,4,3,209
"E02000884",6,4,4,15
"E02000884",6,4,5,131
"E02000885",2,1,1,54
"E02000885",2,1,2,1
"E02000885",2,1,3,0
"E02000885",2,1,4,1
"E02000885",2,1,5,0
"E02000885",2,2,1,9
"E02000885",2,2,2,21
"E02000885",2,2,3,10
"E02000885",2,2,4,15
"E02000885",2,2,5,10
"E02000885",2,3,1,0
"E02000885",2,3,2,7
"E02000885",2,3,3,0
"E02000885",2,3,4,1
"E02000885",2,3,5,2
"E02000885",2,4,1,0
"E02000885",2,4,2,14
"E02000885",2,4,3,2
"E02000885",2,4,4,5
"E02000885",2,4,5,1
"E02000885",3,1,1,57
"E02000885",3,1,2,0
"E02000885",3,1,3,2
"E02000885",3,1,4,1
"E02000885",3,1,5,0
"E02000885",3,2,1,47
"E02000885",3,2,2,47
"E02000885",3,2,3,19
"E02000885",3,2,4,13
"E02000885",3,2,5,26
"E02000885",3,3,1,0
"E02000885",3,3,2,16
"E02000885",3,3,3,8
"E02000885",3,3,4,9
"E02000885",3,3,5,2
"E02000885",3,4,1,0
"E02000885",3,4,2,86
"E02000885",3,4,3,20
"E02000885",3,4,4,8
"E02000885",3,4,5,5
"E02000885",5,1,1,158
"E02000885",5,1,2,4
"E02000885",5,1,3,2
"E02000885",5,1,4,7
"E02000885",5,1,5,2
"E02000885",5,2,1,409
"E02000885",5,2,2,79
"E02000885",5,2,3,12
"E02000885",5,2,4,152
"E02000885",5,2,5,20
"E02000885",5,3,1,0
"E02000885",5,3,2,75
"E02000885",5,3,3,15
"E02000885",5,3,4,70
"E02000885",5,3,5,3
"E02000885",5,4,1,0
"E02000885",5,4,2,302
"E02000885",5,4,3,35
"E02000885",5,4,4,67
"E02000885",5,4,5,9
"E02000885",6,1,1,45
"E02000885",6,1,2,0
"E02000885",6,1,3,2
"E02000885",6,1,4,0
"E02000885",6,1,5,4
"E02000885",6,2,1,79
"E02000885",6,2,2,20
"E02000885",6,2,3,30
"E02000885",6,2,4,22
"E02000885",6,2,5,126
"E02000885",6,3,1,0
"E02000885",6,3,2,27
"E02000885",6,3,3,15
"E02000885",6,3,4,16
"E02000885",6,3,5,24
"E02000885",6,4,1,0
"E02000885",6,4,2,82
"E02000885",6,4,3,30
"E02000885",6,4,4,22
"E02000885",6,4,5,25
"E02000886",2,1,1,134
"E02000886",2,1,2,6
"E02000886",2,1,3,0
"E02000886",2,1,4,1
"E02000886",2,1,5,0
"E02000886",2,2,1,34
"E02000886",2,2,2,63
"E02000886",2,2,3,26
"E02000886",2,2,4,15
"E02000886",2,2,5,26
"E02000886",2,3,1,0
"E02000886",2,3,2,12
"E02000886",2,3,3,2
"E02000886",2,3,4,5
"E02000886",2,3,5,3
"E02000886",2,4,1,0
"E02000886",2,4,2,19
"E02000886",2,4,3,5
"E02000886",2,4,4,2
"E02000886",2,4,5,3
"E02000886",3,1,1,197
"E02000886",3,1,2,1
"E02000886",3,1,3,3
"E02000886",3,1,4,0
"E02000886",3,1,5,0
"E02000886",3,2,1,69
"E02000886",3,2,2,128
"E02000886",3,2,3,86
"E02000886",3,2,4,15
"E02000886",3,2,5,41
"E02000886",3,3,1,0
"E02000886",3,3,2,64
"E02000886",3,3,3,13
"E02000886",3,3,4,4
"E02000886",3,3,5,4
"E02000886",3,4,1,0
"E02000886",3,4,2,66
"E02000886",3,4,3,19
"E02000886",3,4,4,6
"E02000886",3,4,5,10
"E02000886",5,1,1,115
"E02000886",5,1,2,1
"E02000886",5,1,3,0
"E02000886",5,1,4,2
"E02000886",5,1,5,0
"E02000886",5,2,1,299
"E02000886",5,2,2,45
"E02000886",5,2,3,11
"E02000886",5,2,4,97
"E02000886",5,2,5,21
"E02000886",5,3,1,0
"E02000886",5,3,2,49
"E02000886",5,3,3,10
"E02000886",5,3,4,40
"E02000886",5,3,5,3
"E02000886",5,4,1,0
"E02000886",5,4,2,202
"E02000886",5,4,3,26
"E02000886",5,4,4,50
"E02000886",5,4,5,13
"E02000886",6,1,1,136
"E02000886",6,1,2,0
"E02000886",6,1,3,2
"E02000886",6,1,4,1
"E02000886",6,1,5,1
"E02000886",6,2,1,158
"E02000886",6,2,2,98
"E02000886",6,2,3,91
"E02000886",6,2,4,31
"E02000886",6,2,5,227
"E02000886",6,3,1,0
"E02000886",6,3,2,43
"E02000886",6,3,3,28
"E02000886",6,3,4,16
"E02000886",6,3,5,35
"E02000886",6,4,1,0
"E02000886",6,4,2,116
"E02000886",6,4,3,87
"E02000886",6,4,4,12
"E02000886",6,4,5,37
"E02000887",2,1,1,65
"E02000887",2,1,2,2
"E02000887",2,1,3,0
"E02000887",2,1,4,0
"E02000887",2,1,5,3
"E02000887",2,2,1,16
"E02000887",2,2,2,33
"E02000887",2,2,3,12
"E02000887",2,2,4,29
"E02000887",2,2,5,7
"E02000887",2,3,1,0
"E02000887",2,3,2,16
"E02000887",2,3,3,2
"E02000887",2,3,4,3
"E02000887",2,3,5,1
"E02000887",2,4,1,0
"E02000887",2,4,2,15
"E02000887",2,4,3,2
"E02000887",2,4,4,7
"E02000887",2,4,5,0
"E02000887",3,1,1,110
"E02000887",3,1,2,0
"E02000887",3,1,3,0
"E02000887",3,1,4,2
"E02000887",3,1,5,1
"E02000887",3,2,1,49
"E02000887",3,2,2,62
"E02000887",3,2,3,32
"E02000887",3,2,4,27
"E02000887",3,2,5,33
"E02000887",3,3,1,0
"E02000887",3,3,2,31
"E02000887",3,3,3,9
"E02000887",3,3,4,10
"E02000887",3,3,5,3
"E02000887",3,4,1,0
"E02000887",3,4,2,79
"E02000887",3,4,3,21
"E02000887",3,4,4,5
"E02000887",3,4,5,2
"E02000887",5,1,1,202
"E02000887",5,1,2,0
"E02000887",5,1,3,0
"E02000887",5,1,4,8
"E02000887",5,1,5,1
"E02000887",5,2,1,298
"E02000887",5,2,2,78
"E02000887",5,2,3,19
"E02000887",5,2,4,208
"E02000887",5,2,5,31
"E02000887",5,3,1,0
"E02000887",5,3,2,113
"E02000887",5,3,3,27
"E02000887",5,3,4,99
"E02000887",5,3,5,3
"E02000887",5,4,1,0
"E02000887",5,4,2,356
"E02000887",5,4,3,69
"E02000887",5,4,4,100
"E02000887",5,4,5,21
"E02000887",6,1,1,83
"E02000887",6,1,2,2
"E02000887",6,1,3,0
"E02000887",6,1,4,2
"E02000887",6,1,5,5
"E02000887",6,2,1,125
"E02000887",6,2,2,31
"E02000887",6,2,3,39
"E02000887",6,2,4,49
"E02000887",6,2,5,133
"E02000887",6,3,1,0
"E02000887",6,3,2,36
"E02000887",6,3,3,23
"E02000887",6,3,4,38
"E02000887",6,3,5,39
"E02000887",6,4,1,0
"E02000887",6,4,2,114
"E02000887",6,4,3,47
"E02000887",6,4,4,39
"E02000887",6,4,5,38
"E02000888",2,1,1,99
"E02000888",2,1,2,1
"E02000888",2,1,3,2
"E02000888",2,1,4,0
"E02000888",2,1,5,0
"E02000888",2,2,1,36
"E02000888",2,2,2,55
"E02000888",2,2,3,17
"E02000888",2,2,4,7
"E02000888",2,2,5,18
"E02000888",2,3,1,0
"E02000888",2,3,2,12
"E02000888",2,3,3,1
"E02000888",2,3,4,0
"E02000888",2,3,5,1
"E02000888",2,4,1,0
"E02000888",2,4,2,24
"E02000888",2,4,3,2
"E02000888",2,4,4,2
"E02000888",2,4,5,3
"E02000888",3,1,1,183
"E02000888",3,1,2,1
"E02000888",3,1,3,1
"E02000888",3,1,4,2
"E02000888",3,1,5,1
"E02000888",3,2,1,111
"E02000888",3,2,2,110
"E02000888",3,2,3,69
"E02000888",3,2,4,17
"E02000888",3,2,5,31
"E02000888",3,3,1,0
"E02000888",3,3,2,53
"E02000888",3,3,3,14
"E02000888",3,3,4,11
"E02000888",3,3,5,5
"E02000888",3,4,1,0
"E02000888",3,4,2,106
"E02000888",3,4,3,38
"E02000888",3,4,4,8
"E02000888",3,4,5,5
"E02000888",5,1,1,100
"E02000888",5,1,2,0
"E02000888",5,1,3,0
"E02000888",5,1,4,2
"E02000888",5,1,5,2
"E02000888",5,2,1,254
"E02000888",5,2,2,33
"E02000888",5,2,3,10
"E02000888",5,2,4,101
"E02000888",5,2,5,18
"E02000888",5,3,1,0
"E02000888",5,3,2,64
"E02000888",5,3,3,16
"E02000888",5,3,4,57
"E02000888",5,3,5,5
"E02000888",5,4,1,0
"E02000888",5,4,2,290
"E02000888",5,4,3,31
"E02000888",5,4,4,71
"E02000888",5,4,5,8
"E02000888",6,1,1,149
"E02000888",6,1,2,0
"E02000888",6,1,3,1
"E02000888",6,1,4,0
"E02000888",6,1,5,2
"E02000888",6,2,1,208
"E02000888",6,2,2,78
"E02000888",6,2,3,86
"E02000888",6,2,4,19
"E02000888",6,2,5,228
"E02000888",6,3,1,0
"E02000888",6,3,2,61
"E02000888",6,3,3,28
"E02000888",6,3,4,3
"E02000888",6,3,5,35
"E02000888",6,4,1,0
"E02000888",6,4,2,144
"E02000888",6,4,3,112
"E02000888",6,4,4,10
"E02000888",6,4,5,34
"E02000889",2,1,1,124
"E02000889",2,1,2,2
"E02000889",2,1,3,2
"E02000889",2,1,4,3
"E02000889",2,1,5,5
"E02000889",2,2,1,61
"E02000889",2,2,2,57
"E02000889",2,2,3,18
"E02000889",2,2,4,12
"E02000889",2,2,5,24
"E02000889",2,3,1,0
"E02000889",2,3,2,19
"E02000889",2,3,3,2
"E02000889",2,3,4,4
"E02000889",2,3,5,0
"E02000889",2,4,1,0
"E02000889",2,4,2,20
"E02000889",2,4,3,3
"E02000889",2,4,4,4
"E02000889",2,4,5,4
"E02000889",3,1,1,152
"E02000889",3,1,2,4
"E02000889",3,1,3,4
"E02000889",3,1,4,2
"E02000889",3,1,5,0
"E02000889",3,2,1,99
"E02000889",3,2,2,109
"E02000889",3,2,3,60
"E02000889",3,2,4,21
"E02000889",3,2,5,53
"E02000889",3,3,1,0
"E02000889",3,3,2,37
"E02000889",3,3,3,13
"E02000889",3,3,4,4
"E02000889",3,3,5,8
"E02000889",3,4,1,0
"E02000889",3,4,2,58
"E02000889",3,4,3,22
"E02000889",3,4,4,3
"E02000889",3,4,5,3
"E02000889",5,1,1,98
"E02000889",5,1,2,0
"E02000889",5,1,3,0
"E02000889",5,1,4,1
"E02000889",5,1,5,0
"E02000889",5,2,1,240
"E02000889",5,2,2,30
"E02000889",5,2,3,6
"E02000889",5,2,4,86
"E02000889",5,2,5,12
"E02000889",5,3,1,0
"E02000889",5,3,2,59
"E02000889",5,3,3,11
"E02000889",5,3,4,34
"E02000889",5,3,5,1
"E02000889",5,4,1,0
"E02000889",5,4,2,196
"E02000889",5,4,3,36
"E02000889",5,4,4,34
"E02000889",5,4,5,9
"E02000889",6,1,1,116
"E02000889",6,1,2,1
"E02000889",6,1,3,0
"E02000889",6,1,4,0
"E02000889",6,1,5,9
"E02000889",6,2,1,222
"E02000889",6,2,2,55
"E02000889",6,2,3,50
"E02000889",6,2,4,6
"E02000889",6,2,5,241
"E02000889",6,3,1,0
"E02000889",6,3,2,35
"E02000889",6,3,3,22
"E02000889",6,3,4,4
"E02000889",6,3,5,48
"E02000889",6,4,1,0
"E02000889",6,4,2,88
"E02000889",6,4,3,67
"E02000889",6,4,4,4
"E02000889",6,4,5,42
"E02000890",2,1,1,223
"E02000890",2,1,2,4
"E02000890",2,1,3,2
"E02000890",2,1,4,2
"E02000890",2,1,5,0
"E02000890",2,2,1,142
"E02000890",2,2,2,110
"E02000890",2,2,3,24
"E02000890",2,2,4,11
"E02000890",2,2,5,15
"E02000890",2,3,1,0
"E02000890",2,3,2,22
"E02000890",2,3,3,7
"E02000890",2,3,4,1
"E02000890",2,3,5,2
"E02000890",2,4,1,0
"E02000890",2,4,2,34
"E02000890",2,4,3,11
"E02000890",2,4,4,1
"E02000890",2,4,5,4
"E02000890",3,1,1,219
"E02000890",3,1,2,6
"E02000890",3,1,3,0
"E02000890",3,1,4,2
"E02000890",3,1,5,0
"E02000890",3,2,1,146
"E02000890",3,2,2,145
"E02000890",3,2,3,88
"E02000890",3,2,4,20
"E02000890",3,2,5,34
"E02000890",3,3,1,0
"E02000890",3,3,2,60
"E02000890",3,3,3,10
"E02000890",3,3,4,4
"E02000890",3,3,5,3
"E02000890",3,4,1,0
"E02000890",3,4,2,68
"E02000890",3,4,3,38
"E02000890",3,4,4,8
"E02000890",3,4,5,4
"E02000890",5,1,1,62
"E02000890",5,1,2,1
"E02000890",5,1,3,0
"E02000890",5,1,4,1
"E02000890",5,1,5,0
"E02000890",5,2,1,108
"E02000890",5,2,2,26
"E02000890",5,2,3,5
"E02000890",5,2,4,29
"E02000890",5,2,5,10
"E02000890",5,3,1,0
"E02000890",5,3,2,27
"E02000890",5,3,3,3
"E02000890",5,3,4,13
"E02000890",5,3,5,0
"E02000890",5,4,1,0
"E02000890",5,4,2,45
"E02000890",5,4,3,9
"E02000890",5,4,4,17
"E02000890",5,4,5,3
"E02000890",6,1,1,204
"E02000890",6,1,2,1
"E02000890",6,1,3,0
"E02000890",6,1,4,1
"E02000890",6,1,5,1
"E02000890",6,2,1,315
"E02000890",6,2,2,82
"E02000890",6,2,3,100
"E02000890",6,2,4,7
"E02000890",6,2,5,155
"E02000890",6,3,1,0
"E02000890",6,3,2,52
"E02000890",6,3,3,24
"E02000890",6,3,4,8
"E02000890",6,3,5,30
"E02000890",6,4,1,0
"E02000890",6,4,2,73
"E02000890",6,4,3,160
"E02000890",6,4,4,3
"E02000890",6,4,5,48
"E02000891",2,1,1,179
"E02000891",2,1,2,2
"E02000891",2,1,3,0
"E02000891",2,1,4,5
"E02000891",2,1,5,3
"E02000891",2,2,1,63
"E02000891",2,2,2,68
"E02000891",2,2,3,19
"E02000891",2,2,4,17
"E02000891",2,2,5,27
"E02000891",2,3,1,0
"E02000891",2,3,2,21
"E02000891",2,3,3,7
"E02000891",2,3,4,4
"E02000891",2,3,5,4
"E02000891",2,4,1,0
"E02000891",2,4,2,14
"E02000891",2,4,3,9
"E02000891",2,4,4,6
"E02000891",2,4,5,4
"E02000891",3,1,1,251
"E02000891",3,1,2,6
"E02000891",3,1,3,2
"E02000891",3,1,4,1
"E02000891",3,1,5,4
"E02000891",3,2,1,139
"E02000891",3,2,2,189
"E02000891",3,2,3,110
"E02000891",3,2,4,29
"E02000891",3,2,5,65
"E02000891",3,3,1,0
"E02000891",3,3,2,99
"E02000891",3,3,3,16
"E02000891",3,3,4,6
"E02000891",3,3,5,12
"E02000891",3,4,1,0
"E02000891",3,4,2,104
"E02000891",3,4,3,53
"E02000891",3,4,4,3
"E02000891",3,4,5,13
"E02000891",5,1,1,136
"E02000891",5,1,2,2
"E02000891",5,1,3,1
"E02000891",5,1,4,7
"E02000891",5,1,5,1
"E02000891",5,2,1,263
"E02000891",5,2,2,55
"E02000891",5,2,3,22
"E02000891",5,2,4,199
"E02000891",5,2,5,15
"E02000891",5,3,1,0
"E02000891",5,3,2,101
"E02000891",5,3,3,19
"E02000891",5,3,4,117
"E02000891",5,3,5,2
"E02000891",5,4,1,0
"E02000891",5,4,2,280
"E02000891",5,4,3,66
"E02000891",5,4,4,99
"E02000891",5,4,5,12
"E02000891",6,1,1,376
"E02000891",6,1,2,3
"E02000891",6,1,3,4
"E02000891",6,1,4,1
"E02000891",6,1,5,8
"E02000891",6,2,1,623
"E02000891",6,2,2,187
"E02000891",6,2,3,170
"E02000891",6,2,4,42
"E02000891",6,2,5,450
"E02000891",6,3,1,0
"E02000891",6,3,2,114
"E02000891",6,3,3,44
"E02000891",6,3,4,24
"E02000891",6,3,5,93
"E02000891",6,4,1,0
"E02000891",6,4,2,275
"E02000891",6,4,3,224
"E02000891",6,4,4,28
"E02000891",6,4,5,125
"E02000893",2,1,1,114
"E02000893",2,1,2,3
"E02000893",2,1,3,1
"E02000893",2,1,4,3
"E02000893",2,1,5,1
"E02000893",2,2,1,22
"E02000893",2,2,2,64
"E02000893",2,2,3,15
"E02000893",2,2,4,15
"E02000893",2,2,5,13
"E02000893",2,3,1,0
"E02000893",2,3,2,26
"E02000893",2,3,3,2
"E02000893",2,3,4,2
"E02000893",2,3,5,0
"E02000893",2,4,1,0
"E02000893",2,4,2,17
"E02000893",2,4,3,5
"E02000893",2,4,4,1
"E02000893",2,4,5,3
"E02000893",3,1,1,161
"E02000893",3,1,2,7
"E02000893",3,1,3,3
"E02000893",3,1,4,3
"E02000893",3,1,5,1
"E02000893",3,2,1,47
"E02000893",3,2,2,128
"E02000893",3,2,3,46
"E02000893",3,2,4,23
"E02000893",3,2,5,23
"E02000893",3,3,1,0
"E02000893",3,3,2,73
"E02000893",3,3,3,13
"E02000893",3,3,4,7
"E02000893",3,3,5,2
"E02000893",3,4,1,0
"E02000893",3,4,2,61
"E02000893",3,4,3,15
"E02000893",3,4,4,2
"E02000893",3,4,5,3
"E02000893",5,1,1,139
"E02000893",5,1,2,3
"E02000893",5,1,3,1
"E02000893",5,1,4,8
"E02000893",5,1,5,2
"E02000893",5,2,1,304
"E02000893",5,2,2,65
"E02000893",5,2,3,16
"E02000893",5,2,4,131
"E02000893",5,2,5,16
"E02000893",5,3,1,0
"E02000893",5,3,2,62
"E02000893",5,3,3,16
"E02000893",5,3,4,67
"E02000893",5,3,5,3
"E02000893",5,4,1,0
"E02000893",5,4,2,155
"E02000893",5,4,3,31
"E02000893",5,4,4,55
"E02000893",5,4,5,7
"E02000893",6,1,1,111
"E02000893",6,1,2,6
"E02000893",6,1,3,0
"E02000893",6,1,4,0
"E02000893",6,1,5,7
"E02000893",6,2,1,107
"E02000893",6,2,2,66
"E02000893",6,2,3,62
"E02000893",6,2,4,33
"E02000893",6,2,5,186
"E02000893",6,3,1,0
"E02000893",6,3,2,64
"E02000893",6,3,3,19
"E02000893",6,3,4,24
"E02000893",6,3,5,24
"E02000893",6,4,1,0
"E02000893",6,4,2,105
"E02000893",6,4,3,49
"E02000893",6,4,4,17
"E02000893",6,4,5,26
"E02000894",2,1,1,168
"E02000894",2,1,2,2
"E02000894",2,1,3,0
"E02000894",2,1,4,0
"E02000894",2,1,5,1
"E02000894",2,2,1,61
"E02000894",2,2,2,83
"E02000894",2,2,3,24
"E02000894",2,2,4,22
"E02000894",2,2,5,22
"E02000894",2,3,1,0
"E02000894",2,3,2,22
"E02000894",2,3,3,7
"E02000894",2,3,4,1
"E02000894",2,3,5,2
"E02000894",2,4,1,0
"E02000894",2,4,2,23
"E02000894",2,4,3,7
"E02000894",2,4,4,0
"E02000894",2,4,5,1
"E02000894",3,1,1,277
"E02000894",3,1,2,10
"E02000894",3,1,3,4
"E02000894",3,1,4,5
"E02000894",3,1,5,3
"E02000894",3,2,1,129
"E02000894",3,2,2,235
"E02000894",3,2,3,86
"E02000894",3,2,4,21
"E02000894",3,2,5,50
"E02000894",3,3,1,0
"E02000894",3,3,2,100
"E02000894",3,3,3,15
"E02000894",3,3,4,9
"E02000894",3,3,5,3
"E02000894",3,4,1,0
"E02000894",3,4,2,101
"E02000894",3,4,3,37
"E02000894",3,4,4,5
"E02000894",3,4,5,8
"E02000894",5,1,1,96
"E02000894",5,1,2,9
"E02000894",5,1,3,0
"E02000894",5,1,4,5
"E02000894",5,1,5,0
"E02000894",5,2,1,123
"E02000894",5,2,2,44
"E02000894",5,2,3,8
"E02000894",5,2,4,111
"E02000894",5,2,5,17
"E02000894",5,3,1,0
"E02000894",5,3,2,76
"E02000894",5,3,3,20
"E02000894",5,3,4,53
"E02000894",5,3,5,2
"E02000894",5,4,1,0
"E02000894",5,4,2,115
"E02000894",5,4,3,19
"E02000894",5,4,4,53
"E02000894",5,4,5,6
"E02000894",6,1,1,288
"E02000894",6,1,2,1
"E02000894",6,1,3,5
"E02000894",6,1,4,2
"E02000894",6,1,5,12
"E02000894",6,2,1,404
"E02000894",6,2,2,190
"E02000894",6,2,3,156
"E02000894",6,2,4,58
"E02000894",6,2,5,330
"E02000894",6,3,1,0
"E02000894",6,3,2,107
"E02000894",6,3,3,56
"E02000894",6,3,4,23
"E02000894",6,3,5,63
"E02000894",6,4,1,0
"E02000894",6,4,2,255
"E02000894",6,4,3,174
"E02000894",6,4,4,20
"E02000894",6,4,5,65
"E02006853",2,1,1,60
"E02006853",2,1,2,1
"E02006853",2,1,3,0
"E02006853",2,1,4,0
"E02006853",2,1,5,2
"E02006853",2,2,1,54
"E02006853",2,2,2,28
"E02006853",2,2,3,10
"E02006853",2,2,4,6
"E02006853",2,2,5,15
"E02006853",2,3,1,0
"E02006853",2,3,2,12
"E02006853",2,3,3,3
"E02006853",2,3,4,5
"E02006853",2,3,5,0
"E02006853",2,4,1,0
"E02006853",2,4,2,20
"E02006853",2,4,3,5
"E02006853",2,4,4,5
"E02006853",2,4,5,5
"E02006853",3,1,1,123
"E02006853",3,1,2,3
"E02006853",3,1,3,0
"E02006853",3,1,4,0
"E02006853",3,1,5,2
"E02006853",3,2,1,121
"E02006853",3,2,2,94
"E02006853",3,2,3,57
"E02006853",3,2,4,14
"E02006853",3,2,5,32
"E02006853",3,3,1,0
"E02006853",3,3,2,39
"E02006853",3,3,3,6
"E02006853",3,3,4,5
"E02006853",3,3,5,1
"E02006853",3,4,1,0
"E02006853",3,4,2,52
"E02006853",3,4,3,18
"E02006853",3,4,4,6
"E02006853",3,4,5,5
"E02006853",5,1,1,119
"E02006853",5,1,2,3
"E02006853",5,1,3,0
"E02006853",5,1,4,4
"E02006853",5,1,5,1
"E02006853",5,2,1,251
"E02006853",5,2,2,46
"E02006853",5,2,3,13
"E02006853",5,2,4,145
"E02006853",5,2,5,15
"E02006853",5,3,1,0
"E02006853",5,3,2,60
"E02006853",5,3,3,15
"E02006853",5,3,4,62
"E02006853",5,3,5,1
"E02006853",5,4,1,0
"E02006853",5,4,2,184
"E02006853",5,4,3,43
"E02006853",5,4,4,71
"E02006853",5,4,5,17
"E02006853",6,1,1,202
"E02006853",6,1,2,0
"E02006853",6,1,3,1
"E02006853",6,1,4,0
"E02006853",6,1,5,4
"E02006853",6,2,1,433
"E02006853",6,2,2,76
"E02006853",6,2,3,76
"E02006853",6,2,4,19
"E02006853",6,2,5,152
"E02006853",6,3,1,0
"E02006853",6,3,2,57
"E02006853",6,3,3,15
"E02006853",6,3,4,7
"E02006853",6,3,5,14
"E02006853",6,4,1,0
"E02006853",6,4,2,165
"E02006853",6,4,3,134
"E02006853",6,4,4,19
"E02006853",6,4,5,87
"E02006854",2,1,1,101
"E02006854",2,1,2,3
"E02006854",2,1,3,0
"E02006854",2,1,4,0
"E02006854",2,1,5,0
"E02006854",2,2,1,54
"E02006854",2,2,2,60
"E02006854",2,2,3,20
"E02006854",2,2,4,10
"E02006854",2,2,5,27
"E02006854",2,3,1,0
"E02006854",2,3,2,9
"E02006854",2,3,3,0
"E02006854",2,3,4,0
"E02006854",2,3,5,0
"E02006854",2,4,1,0
"E02006854",2,4,2,15
"E02006854",2,4,3,4
"E02006854",2,4,4,0
"E02006854",2,4,5,4
"E02006854",3,1,1,128
"E02006854",3,1,2,1
"E02006854",3,1,3,0
"E02006854",3,1,4,0
"E02006854",3,1,5,1
"E02006854",3,2,1,110
"E02006854",3,2,2,103
"E02006854",3,2,3,39
"E02006854",3,2,4,6
"E02006854",3,2,5,31
"E02006854",3,3,1,0
"E02006854",3,3,2,43
"E02006854",3,3,3,7
"E02006854",3,3,4,1
"E02006854",3,3,5,3
"E02006854",3,4,1,0
"E02006854",3,4,2,46
"E02006854",3,4,3,32
"E02006854",3,4,4,6
"E02006854",3,4,5,9
"E02006854",5,1,1,53
"E02006854",5,1,2,0
"E02006854",5,1,3,0
"E02006854",5,1,4,2
"E02006854",5,1,5,0
"E02006854",5,2,1,66
"E02006854",5,2,2,14
"E02006854",5,2,3,5
"E02006854",5,2,4,55
"E02006854",5,2,5,5
"E02006854",5,3,1,0
"E02006854",5,3,2,40
"E02006854",5,3,3,5
"E02006854",5,3,4,40
"E02006854",5,3,5,1
"E02006854",5,4,1,0
"E02006854",5,4,2,88
"E02006854",5,4,3,14
"E02006854",5,4,4,26
"E02006854",5,4,5,4
"E02006854",6,1,1,290
"E02006854",6,1,2,4
"E02006854",6,1,3,0
"E02006854",6,1,4,0
"E02006854",6,1,5,1
"E02006854",6,2,1,435
"E02006854",6,2,2,170
"E02006854",6,2,3,108
"E02006854",6,2,4,11
"E02006854",6,2,5,183
"E02006854",6,3,1,0
"E02006854",6,3,2,95
"E02006854",6,3,3,12
"E02006854",6,3,4,5
"E02006854",6,3,5,20
"E02006854",6,4,1,0
"E02006854",6,4,2,155
"E02006854",6,4,3,143
"E02006854",6,4,4,7
"E02006854",6,4,5,61
